Title,URL
チェリーポップ / 音ノ瀬らこ【歌枠切り抜き】,https://www.youtube.com/watch?v=APwws0a58fg
プロポーズ （内緒のピアスさん） / 音ノ瀬らこ【歌枠切り抜き】,https://www.youtube.com/watch?v=je7w_xc6sW4
プロポーズ （なとりさん）/ 音ノ瀬らこ【歌枠切り抜き】,https://www.youtube.com/watch?v=bG_cVP2E8Ek
お返事まだカナ💦❓おじさん構文😁❗️ / 音ノ瀬らこ【歌枠切り抜き】,https://www.youtube.com/watch?v=K52k7apBzn0
明日の私に幸あれ / 音ノ瀬らこ【歌枠切り抜き】,https://www.youtube.com/watch?v=HfdtFoE9tGU
命に嫌われている。 / 音ノ瀬らこ【歌枠切り抜き】,https://www.youtube.com/watch?v=POIYf9Ce0Mk
ハッピーラッキーチャッピー / 音ノ瀬らこ【歌枠切り抜き】,https://www.youtube.com/watch?v=RARkFkuXa1s
拝啓、少年よ / 音ノ瀬らこ【歌枠切り抜き】,https://www.youtube.com/watch?v=pvcuqVMUwfs
UNDEAD / 音ノ瀬らこ【歌枠切り抜き】,https://www.youtube.com/watch?v=GNgwrkwCtfY
アスノヨゾラ哨戒班 / 音ノ瀬らこ【歌枠切り抜き】,https://www.youtube.com/watch?v=g06LfVk4gXE
さくらんぼ / 音ノ瀬らこ【歌枠切り抜き】,https://www.youtube.com/watch?v=Ptcn2_t5IEs
ダダダダ天使 / 音ノ瀬らこ【歌枠切り抜き】,https://www.youtube.com/watch?v=70-p2BEZDsQ
マトリョシカ / 音ノ瀬らこ【歌枠切り抜き】,https://www.youtube.com/watch?v=gJ4n8iCEi7c
ベノム / 音ノ瀬らこ【歌枠切り抜き】,https://www.youtube.com/watch?v=LTBVh9sPYQQ
残響散歌 / 音ノ瀬らこ【歌枠切り抜き】,https://www.youtube.com/watch?v=msreSPPURVc
おどりゃんせ / 音ノ瀬らこ【歌枠切り抜き】,https://www.youtube.com/watch?v=JpMMyvnaWCQ
ルカルカ★ナイトフィーバー / 音ノ瀬らこ【歌枠切り抜き】,https://www.youtube.com/watch?v=Cb3gv1h0GEU
ドラマツルギー / 音ノ瀬らこ【歌枠切り抜き】,https://www.youtube.com/watch?v=WLJVdZufgqA
夜明けと蛍 / 音ノ瀬らこ【歌枠切り抜き】,https://www.youtube.com/watch?v=MHhvd7LgJw4
アンノウン・マザーグース / 音ノ瀬らこ【歌枠切り抜き】,https://www.youtube.com/watch?v=jZ5fu41k5x4
春泥棒 / 音ノ瀬らこ【歌枠切り抜き】,https://www.youtube.com/watch?v=EngdE71Q82w
ラヴィ / 音ノ瀬らこ【歌枠切り抜き】,https://www.youtube.com/watch?v=opjw4f_EDGY
あいつら全員同窓会 / 音ノ瀬らこ【歌枠切り抜き】,https://www.youtube.com/watch?v=MGEl4jhij4k
モニタリング / 音ノ瀬らこ【歌枠切り抜き】,https://www.youtube.com/watch?v=fdtRTC9nKR8
絶頂讃歌 / 音ノ瀬らこ【歌枠切り抜き】,https://www.youtube.com/watch?v=TBTMUQntG7w
チェリーポップ / 音ノ瀬らこ【歌枠切り抜き】,https://www.youtube.com/watch?v=YNBBRvbvBj4
プロポーズ（なとりさん） / 音ノ瀬らこ【歌枠切り抜き】,https://www.youtube.com/watch?v=4t-89X1aStc
QUEEN / 音ノ瀬らこ【歌枠切り抜き】,https://www.youtube.com/watch?v=0xM6EDb1F0c
KING / 音ノ瀬らこ【歌枠切り抜き】,https://www.youtube.com/watch?v=HiwvaDlvyWA
Stellar Stellar / 音ノ瀬らこ【歌枠切り抜き】,https://www.youtube.com/watch?v=V2RxCDFu-N0
ロミオとシンデレラ / 音ノ瀬らこ【歌枠切り抜き】,https://www.youtube.com/watch?v=Qma10SDilmY
心という名の不可解 / 音ノ瀬らこ【歌枠切り抜き】,https://www.youtube.com/watch?v=jdrPABMns_g
サマータイムシンデレラ / 音ノ瀬らこ【歌枠切り抜き】,https://www.youtube.com/watch?v=630d8Fu-tsA
バレリーコ / 音ノ瀬らこ【歌枠切り抜き】,https://www.youtube.com/watch?v=W12ygYiSneM
夜明けと蛍 / 音ノ瀬らこ【歌枠切り抜き】,https://www.youtube.com/watch?v=axlq_j5ogDU
メランコリック / 音ノ瀬らこ【歌枠切り抜き】,https://www.youtube.com/watch?v=bgk5TlYv-b8
ウミユリ海底譚 / 音ノ瀬らこ【歌枠切り抜き】,https://www.youtube.com/watch?v=TtiEu6g7QDk
だれかの心臓になれたなら / 音ノ瀬らこ【歌枠切り抜き】,https://www.youtube.com/watch?v=W5Cqi9-3SME
ギターと孤独と蒼い惑星 / 音ノ瀬らこ【歌枠切り抜き】,https://www.youtube.com/watch?v=iho-GRmc-Cs
乙女解剖 / 音ノ瀬らこ【歌枠切り抜き】,https://www.youtube.com/watch?v=1ag1TMJMRzM
あの夢をなぞって / 音ノ瀬らこ【歌枠切り抜き】,https://www.youtube.com/watch?v=EYZ0FodRV-M
恋愛裁判 / 音ノ瀬らこ【歌枠切り抜き】,https://www.youtube.com/watch?v=_7MKTDxMTTQ
深海少女 / 音ノ瀬らこ【歌枠切り抜き】,https://www.youtube.com/watch?v=yNu1zsNay5A
ドーナツホール / 音ノ瀬らこ【歌枠切り抜き】,https://www.youtube.com/watch?v=PvKhsz-bZCw
ダーリンダンス / 音ノ瀬らこ【歌枠切り抜き】,https://www.youtube.com/watch?v=Qx8ccBTWl8o
ただ君に晴れ / 音ノ瀬らこ【歌枠切り抜き】,https://www.youtube.com/watch?v=FlJioxX-BtY
ひゅるりらぱっぱ / 音ノ瀬らこ【歌枠切り抜き】,https://www.youtube.com/watch?v=-21STYd-QrA
フォニイ / 音ノ瀬らこ【歌枠切り抜き】,https://www.youtube.com/watch?v=EyiXlE2GDfk
ハッピーラッキーチャッピー / 音ノ瀬らこ【歌枠切り抜き】,https://www.youtube.com/watch?v=8Yx0AZCemXY
藍二乗 / 音ノ瀬らこ【歌枠切り抜き】,https://www.youtube.com/watch?v=XRGrm4Of4yk
プロポーズ（なとりさん） / 音ノ瀬らこ【歌枠切り抜き】,https://www.youtube.com/watch?v=VTUFlfVdeBs
チェリーポップ / 音ノ瀬らこ【歌枠切り抜き】,https://www.youtube.com/watch?v=JjLlk5OzACw
夜明けと蛍 / 音ノ瀬らこ【歌枠切り抜き】,https://www.youtube.com/watch?v=qDKUWwCf30g
少女レイ / 音ノ瀬らこ【歌枠切り抜き】,https://www.youtube.com/watch?v=18bLtYnmAbs
ロミオとシンデレラ / 音ノ瀬らこ【歌枠切り抜き】,https://www.youtube.com/watch?v=LTMTuv39jno
アンノウン・マザーグース / 音ノ瀬らこ【歌枠切り抜き】,https://www.youtube.com/watch?v=dgi3QsIOgTs
レディメイド / 音ノ瀬らこ【歌枠切り抜き】,https://www.youtube.com/watch?v=-nBrkKQTLe4
おやすみ泣き声、さよなら歌姫 / 音ノ瀬らこ【歌枠切り抜き】,https://www.youtube.com/watch?v=q2-nT5geN_4
サマータイムシンデレラ / 音ノ瀬らこ【歌枠切り抜き】,https://www.youtube.com/watch?v=43crN7psLkk
抜錨 / 音ノ瀬らこ【歌枠切り抜き】,https://www.youtube.com/watch?v=F4i_8aV8uYE
花になって / 音ノ瀬らこ【歌枠切り抜き】,https://www.youtube.com/watch?v=GVNv3iaNU_Y
ひゅるりらぱっぱ / 音ノ瀬らこ【歌枠切り抜き】,https://www.youtube.com/watch?v=ADY57YHAdmQ
阿修羅ちゃん / 音ノ瀬らこ【歌枠切り抜き】,https://www.youtube.com/watch?v=w0apS-UUuvs
アタシは問題作 / 音ノ瀬らこ【歌枠切り抜き】,https://www.youtube.com/watch?v=Q6vqsUdcHQ8
唱 / 音ノ瀬らこ【歌枠切り抜き】,https://www.youtube.com/watch?v=KvNR532tvoM
カワキヲアメク / 音ノ瀬らこ【歌枠切り抜き】,https://www.youtube.com/watch?v=d36El7QD2jM
I wonder / 音ノ瀬らこ【歌枠切り抜き】,https://www.youtube.com/watch?v=QlaEEvFjwVE
ハッピーラッキーチャッピー / 音ノ瀬らこ【歌枠切り抜き】,https://www.youtube.com/watch?v=mHiWOz4v528
アスノヨゾラ哨戒班 / 音ノ瀬らこ【歌枠切り抜き】,https://www.youtube.com/watch?v=M8eAUaVjpLk
チェリーポップ / 音ノ瀬らこ【歌枠切り抜き】,https://www.youtube.com/watch?v=MM2U3hd3ms8
お返事まだカナ💦❓おじさん構文😁❗ / 音ノ瀬らこ【歌枠切り抜き】,https://www.youtube.com/watch?v=jEsFSDz9eBw
ダイダイダイダイダイキライ / 音ノ瀬らこ【歌枠切り抜き】,https://www.youtube.com/watch?v=zm185UFdnC8
プロポーズ（なとりさん） / 音ノ瀬らこ【歌枠切り抜き】,https://www.youtube.com/watch?v=Ry8gwE_tJCM
ひゅるりらぱっぱ / 音ノ瀬らこ【歌枠切り抜き】,https://www.youtube.com/watch?v=p7Youxp9y78
G4L / 音ノ瀬らこ【歌枠切り抜き】,https://www.youtube.com/watch?v=UDnL0BJ1pt8
臨界ダイバー / 音ノ瀬らこ【歌枠切り抜き】,https://www.youtube.com/watch?v=foYwZTt15z0
ゴーストルール / 音ノ瀬らこ【歌枠切り抜き】,https://www.youtube.com/watch?v=bGPRVzCFtMM
名前のない怪物 / 音ノ瀬らこ【歌枠切り抜き】,https://www.youtube.com/watch?v=VcF_2QBxGKU
夜明けと蛍 / 音ノ瀬らこ【歌枠切り抜き】,https://www.youtube.com/watch?v=Oa8Ws-3fSbU
ライラック / 音ノ瀬らこ【歌枠切り抜き】,https://www.youtube.com/watch?v=sJLfi7Qx7XY
ドライフラワー / 音ノ瀬らこ【歌枠切り抜き】,https://www.youtube.com/watch?v=Uk7_NskhzrA
ハロ／ハワユ / 音ノ瀬らこ【歌枠切り抜き】,https://www.youtube.com/watch?v=js_MzCbUz6w
あなたの夜が明けるまで / 音ノ瀬らこ【歌枠切り抜き】,https://www.youtube.com/watch?v=NWfFBdjaAFQ
雨とカプチーノ / 音ノ瀬らこ【歌枠切り抜き】,https://www.youtube.com/watch?v=nqD_sO9-LZM
only my railgun / 音ノ瀬らこ【歌枠切り抜き】,https://www.youtube.com/watch?v=Cd74ifkDanI
群青 / 音ノ瀬らこ【歌枠切り抜き】,https://www.youtube.com/watch?v=jwNGcFE3AkQ
Mela! / 音ノ瀬らこ【歌枠切り抜き】,https://www.youtube.com/watch?v=ReYydVwdbwE
花に亡霊 / 音ノ瀬らこ【歌枠切り抜き】,https://www.youtube.com/watch?v=uw8fY_ytyZg
ウミユリ海底譚 / 音ノ瀬らこ【歌枠切り抜き】,https://www.youtube.com/watch?v=P_rsTdnFQkE
おやすみ泣き声、さよなら歌姫 / 音ノ瀬らこ【歌枠切り抜き】,https://www.youtube.com/watch?v=IwaJkmPA3Bc
HenceForce / 音ノ瀬らこ【歌枠切り抜き】,https://www.youtube.com/watch?v=jkgQr4CLHug
乙女解剖 / 音ノ瀬らこ【歌枠切り抜き】,https://www.youtube.com/watch?v=zGGjHqLOko8
からくりピエロ / 音ノ瀬らこ【歌枠切り抜き】,https://www.youtube.com/watch?v=p_5VzTGPZN0
星座になれたら / 音ノ瀬らこ【歌枠切り抜き】,https://www.youtube.com/watch?v=S1m3eQ5BiKY
群青 / 音ノ瀬らこ【歌枠切り抜き】,https://www.youtube.com/watch?v=j4WjsdCTvu4
千本桜 / 音ノ瀬らこ【歌枠切り抜き】,https://www.youtube.com/watch?v=1LSQeu43P6Q
永遠のあくる日 / 音ノ瀬らこ【歌枠切り抜き】,https://www.youtube.com/watch?v=nygHmALUe_8
砂の惑星 / 音ノ瀬らこ【歌枠切り抜き】,https://www.youtube.com/watch?v=iKaouRbSYz8
ヤミタイガール / 音ノ瀬らこ【歌枠切り抜き】,https://www.youtube.com/watch?v=m2xZaeiIlvo
ギターと孤独と蒼い惑星 / 音ノ瀬らこ【歌枠切り抜き】,https://www.youtube.com/watch?v=ylF0VYb1lIs
夜明けと蛍 / 音ノ瀬らこ【歌枠切り抜き】,https://www.youtube.com/watch?v=l7jIEoZCV_8
ロミオとシンデレラ / 音ノ瀬らこ【歌枠切り抜き】,https://www.youtube.com/watch?v=u6jOpERHKKo
花の塔 / 音ノ瀬らこ【歌枠切り抜き】,https://www.youtube.com/watch?v=TsgnlnHsHWU
青と夏 / 音ノ瀬らこ【歌枠切り抜き】,https://www.youtube.com/watch?v=P8CMk2u_r4g
アンノウン・マザーグース / 音ノ瀬らこ【歌枠切り抜き】,https://www.youtube.com/watch?v=MuTdxeKlARc
命に嫌われている。 / 音ノ瀬らこ【歌枠切り抜き】,https://www.youtube.com/watch?v=Us6Khdv1EZk
アイノカタチ / 音ノ瀬らこ【歌枠切り抜き】,https://www.youtube.com/watch?v=fz2905CzxQ0
踊 / 音ノ瀬らこ【歌枠切り抜き】,https://www.youtube.com/watch?v=2nLrx9WjQ3Q
抜錨 / 音ノ瀬らこ【歌枠切り抜き】,https://www.youtube.com/watch?v=yTaRrfD4QNg
チュルリラ・チュルリラ・ダッダッダ！ / 音ノ瀬らこ【歌枠切り抜き】,https://www.youtube.com/watch?v=8_wHo3SThD4
天ノ弱 / 音ノ瀬らこ【歌枠切り抜き】,https://www.youtube.com/watch?v=W3poj0e7ZVE
ダイダイダイダイダイキライ / 音ノ瀬らこ【歌枠切り抜き】,https://www.youtube.com/watch?v=1CQpWW-Fjqs
泥中に咲く / 音ノ瀬らこ【歌枠切り抜き】,https://www.youtube.com/watch?v=FOAH6LP7Fds
花の塔 / 音ノ瀬らこ【歌枠切り抜き】,https://www.youtube.com/watch?v=QxB0CthB8kA
心という名の不可解 / 音ノ瀬らこ【歌枠切り抜き】,https://www.youtube.com/watch?v=_06mHT3uHE0
ただ君に晴れ / 音ノ瀬らこ【歌枠切り抜き】,https://www.youtube.com/watch?v=Vy4R_MKpvH4
藍二乗 / 音ノ瀬らこ【歌枠切り抜き】,https://www.youtube.com/watch?v=pxG8BYoY77M
レディメイド / 音ノ瀬らこ【歌枠切り抜き】,https://www.youtube.com/watch?v=xWtpcPMk-wg
ギターと孤独と蒼い惑星 / 音ノ瀬らこ【歌枠切り抜き】,https://www.youtube.com/watch?v=AkblkH95NQM
アイドル / 音ノ瀬らこ【歌枠切り抜き】,https://www.youtube.com/watch?v=IJXrnqqoc40
ドーナツホール / 音ノ瀬らこ【歌枠切り抜き】,https://www.youtube.com/watch?v=JvUDX9dkEj0
ヴィラン / 音ノ瀬らこ【歌枠切り抜き】,https://www.youtube.com/watch?v=5TjVdJ8ZEPo
トウキョウ・シャンディ・ランデヴ / 音ノ瀬らこ【歌枠切り抜き】,https://www.youtube.com/watch?v=XCbcST60xK0
夜明けと蛍 / 音ノ瀬らこ【歌枠切り抜き】,https://www.youtube.com/watch?v=1fEcCJr6Aj0
テレパシ / 音ノ瀬らこ【歌枠切り抜き】,https://www.youtube.com/watch?v=b_biVhBMfJM
名前のない怪物 / 音ノ瀬らこ【歌枠切り抜き】,https://www.youtube.com/watch?v=va6XBQM-KwA
夜明けと蛍 / 音ノ瀬らこ【歌枠切り抜き】,https://www.youtube.com/watch?v=GPEOvE2kmFI
サマータイムレコード / 音ノ瀬らこ【歌枠切り抜き】,https://www.youtube.com/watch?v=MahZLcPPX5c
初音ミクの消失 / 音ノ瀬らこ【歌枠切り抜き】,https://www.youtube.com/watch?v=jX98ihzMYNI
四季折々に揺蕩いて / 音ノ瀬らこ【歌枠切り抜き】,https://www.youtube.com/watch?v=qOhQ8VrOidQ
アイのシナリオ / 音ノ瀬らこ【歌枠切り抜き】,https://www.youtube.com/watch?v=MsjWFFVe6WY
永遠のあくる日 / 音ノ瀬らこ【歌枠切り抜き】,https://www.youtube.com/watch?v=25uEMIk9USs
Mela! / 音ノ瀬らこ【歌枠切り抜き】,https://www.youtube.com/watch?v=x0d811Ox6DE
悪魔の子 / 音ノ瀬らこ【歌枠切り抜き】,https://www.youtube.com/watch?v=17xRb7FssqE
夢のまた夢 / 音ノ瀬らこ【歌枠切り抜き】,https://www.youtube.com/watch?v=4w0dwn7l4kU
シャルル / 音ノ瀬らこ【歌枠切り抜き】,https://www.youtube.com/watch?v=Vm2bULVBm2M
ギターと孤独と蒼い惑星 / 音ノ瀬らこ【歌枠切り抜き】,https://www.youtube.com/watch?v=oQN4EOg3tC8
ケッペキショウ / 音ノ瀬らこ【歌枠切り抜き】,https://www.youtube.com/watch?v=STaSpd4RI4c
天城越え / 音ノ瀬らこ【歌枠切り抜き】,https://www.youtube.com/watch?v=JSl0XdXD3sw
ロミオとシンデレラ / 音ノ瀬らこ【歌枠切り抜き】,https://www.youtube.com/watch?v=l_iQMWGXSjE
花の塔 / 音ノ瀬らこ【歌枠切り抜き】,https://www.youtube.com/watch?v=Hk4xHr2LMYU
クライヤ / 音ノ瀬らこ【歌枠切り抜き】,https://www.youtube.com/watch?v=1pPFWQz_xUA
地球最後の告白を / 音ノ瀬らこ【歌枠切り抜き】,https://www.youtube.com/watch?v=7fcsIV-d1MQ
心という名の不可解 / 音ノ瀬らこ【歌枠切り抜き】,https://www.youtube.com/watch?v=qI7QZM1kB04
アイドル / 音ノ瀬らこ【歌枠切り抜き】,https://www.youtube.com/watch?v=-T0rEcOGiQo
爆弾魔 / 音ノ瀬らこ【歌枠切り抜き】,https://www.youtube.com/watch?v=WBOT0rUBst4
雨音ノイズ / 音ノ瀬らこ【歌枠切り抜き】,https://www.youtube.com/watch?v=W4uOVa7b8iA
ドーナツホール / 音ノ瀬らこ【歌枠切り抜き】,https://www.youtube.com/watch?v=_RI-P92EXDM
ハローディストピア / 音ノ瀬らこ【歌枠切り抜き】,https://www.youtube.com/watch?v=puTegCBHFSQ
ブリキノダンス / 音ノ瀬らこ【歌枠切り抜き】,https://www.youtube.com/watch?v=xaTl2HlgNqM
祝福 / 音ノ瀬らこ【歌枠切り抜き】,https://www.youtube.com/watch?v=wIC9MS-VNy0
アタシは問題作 / 音ノ瀬らこ【歌枠切り抜き】,https://www.youtube.com/watch?v=TQVQ70VOTUI
ローリンガール / 音ノ瀬らこ【歌枠切り抜き】,https://www.youtube.com/watch?v=XaZJw3rj1lY
UNDEAD / 音ノ瀬らこ【歌枠切り抜き】,https://www.youtube.com/watch?v=zoFB81qfsKg
ヒッチコック / 音ノ瀬らこ【歌枠切り抜き】,https://www.youtube.com/watch?v=7YQVY6OUd5M
ヴァンパイア / 音ノ瀬らこ【歌枠切り抜き】,https://www.youtube.com/watch?v=_d_zEgaWOHY
金木犀 / 音ノ瀬らこ【歌枠切り抜き】,https://www.youtube.com/watch?v=SDQv9DST_j8
メリーバッドエンド / 音ノ瀬らこ【歌枠切り抜き】,https://www.youtube.com/watch?v=M4LEmo1dLSU
ダイダイダイダイダイキライ / 音ノ瀬らこ【歌枠切り抜き】,https://www.youtube.com/watch?v=EuyxSc15mrc
シンデレラボーイ / 音ノ瀬らこ【歌枠切り抜き】,https://www.youtube.com/watch?v=XKU5TIp4g88
ギターと孤独と蒼い惑星 / 音ノ瀬らこ【歌枠切り抜き】,https://www.youtube.com/watch?v=5J69f6GeFlM
ファタール / 音ノ瀬らこ【歌枠切り抜き】,https://www.youtube.com/watch?v=si00YJypYs0
踊 / 音ノ瀬らこ【歌枠切り抜き】,https://www.youtube.com/watch?v=6e08_FZz6DU
ハルジオン / 音ノ瀬らこ【歌枠切り抜き】,https://www.youtube.com/watch?v=zVDU5HBxWnM
残響散歌 / 音ノ瀬らこ【歌枠切り抜き】,https://www.youtube.com/watch?v=qoGu20kVTig
夜明けと蛍 / 音ノ瀬らこ【歌枠切り抜き】,https://www.youtube.com/watch?v=AqMsJ1Abdp8
春泥棒 / 音ノ瀬らこ【歌枠切り抜き】,https://www.youtube.com/watch?v=3J12uGK4laA
夜もすがら君想ふ / 音ノ瀬らこ【歌枠切り抜き】,https://www.youtube.com/watch?v=aZ2JZy55Db4
ロウワー / 音ノ瀬らこ【歌枠切り抜き】,https://www.youtube.com/watch?v=D9uJQz8Ax8o
グッバイ宣言 / 音ノ瀬らこ【歌枠切り抜き】,https://www.youtube.com/watch?v=cAtN4EVAxZY
回る空うさぎ / 音ノ瀬らこ【歌枠切り抜き】,https://www.youtube.com/watch?v=kGCcPtTuXag
デーモンロード / 音ノ瀬らこ【歌枠切り抜き】,https://www.youtube.com/watch?v=rRbsybL4qD0
チェリーポップ / 音ノ瀬らこ【歌枠切り抜き】,https://www.youtube.com/watch?v=j2Qiwc6z0QY
回る空うさぎ / 音ノ瀬らこ【歌枠切り抜き】,https://www.youtube.com/watch?v=A4PUKLkbgnM
ビビデバ / 音ノ瀬らこ【歌枠切り抜き】,https://www.youtube.com/watch?v=BCNmuT6hLQ8
ハッピーラッキーチャッピー / 音ノ瀬らこ【歌枠切り抜き】,https://www.youtube.com/watch?v=bl2JzGhXvlg
夜明けと蛍 / 音ノ瀬らこ【歌枠切り抜き】,https://www.youtube.com/watch?v=VyyGlkKuyCg
サマータイムレコード / 音ノ瀬らこ【歌枠切り抜き】,https://www.youtube.com/watch?v=VMzQ02i-q7Y
初音ミクの消失 / 音ノ瀬らこ【歌枠切り抜き】,https://www.youtube.com/watch?v=qZ2Ms88g-4s
からくりピエロ / 音ノ瀬らこ【歌枠切り抜き】,https://www.youtube.com/watch?v=CjHyFga7q_Q
ワールドイズマイン / 音ノ瀬らこ【歌枠切り抜き】,https://www.youtube.com/watch?v=sk69ruIVskY
藍二乗 / 音ノ瀬らこ【歌枠切り抜き】,https://www.youtube.com/watch?v=-jRscg-39II
だから僕は音楽を辞めた / 音ノ瀬らこ【歌枠切り抜き】,https://www.youtube.com/watch?v=WrkTGWYt2Ew
ルカルカ★ナイトフィーバー / 音ノ瀬らこ【歌枠切り抜き】,https://www.youtube.com/watch?v=TJqGFpRhzuM
ウミユリ海底譚 / 音ノ瀬らこ【歌枠切り抜き】,https://www.youtube.com/watch?v=i0MDp1KdXqE
カゲロウデイズ / 音ノ瀬らこ【歌枠切り抜き】,https://www.youtube.com/watch?v=izrTuw6c5mM
メフィスト / 音ノ瀬らこ【歌枠切り抜き】,https://www.youtube.com/watch?v=k-R6MrI0rl4
ファタール / 音ノ瀬らこ【歌枠切り抜き】,https://www.youtube.com/watch?v=TMZJHiXfVr0
弱虫モンブラン(Reloaded) / 音ノ瀬らこ【歌枠切り抜き】,https://www.youtube.com/watch?v=Rb0376qHq4E
きゅうくらりん / 音ノ瀬らこ【歌枠切り抜き】,https://www.youtube.com/watch?v=DHDhDMxpGWA
ライラック / 音ノ瀬らこ【歌枠切り抜き】,https://www.youtube.com/watch?v=23JTr8j5rhs
​​天城越え / 音ノ瀬らこ【歌枠切り抜き】,https://www.youtube.com/watch?v=nNUkuI4uXTQ
花の塔 / 音ノ瀬らこ【歌枠切り抜き】,https://www.youtube.com/watch?v=Qh_BrA4d1y4
アンノウン・マザーグース / 音ノ瀬らこ【歌枠切り抜き】,https://www.youtube.com/watch?v=M0U3xYAd4WY
ギラギラ / 音ノ瀬らこ【歌枠切り抜き】,https://www.youtube.com/watch?v=FIoSdO-R-w8
脳裏上のクラッカー / 音ノ瀬らこ【歌枠切り抜き】,https://www.youtube.com/watch?v=bac0lBk8slE
夜に駆ける / 音ノ瀬らこ【歌枠切り抜き】,https://www.youtube.com/watch?v=_qnrb24z-VU
夜明けと蛍 / 音ノ瀬らこ【歌枠切り抜き】,https://www.youtube.com/watch?v=2Ln9B6hai0s
妄想感傷代償連盟 / 音ノ瀬らこ【歌枠切り抜き】,https://www.youtube.com/watch?v=tmsWXOZSQYg
秒針を嚙む / 音ノ瀬らこ【歌枠切り抜き】,https://www.youtube.com/watch?v=zqsbXLOdoQg
CITRUS / 音ノ瀬らこ【歌枠切り抜き】,https://www.youtube.com/watch?v=R4X7qix9fSU
あの夢をなぞって / 音ノ瀬らこ【歌枠切り抜き】,https://www.youtube.com/watch?v=JXouejkXqQs
プライド革命 / 音ノ瀬らこ【歌枠切り抜き】,https://www.youtube.com/watch?v=jjdz6LfUlpE
乙女解剖 / 音ノ瀬らこ【歌枠切り抜き】,https://www.youtube.com/watch?v=J801h3DRbK4
チューリングラブ / 音ノ瀬らこ【歌枠切り抜き】,https://www.youtube.com/watch?v=kWye_7lLUVk
ダダダダ天使 / 音ノ瀬らこ【歌枠切り抜き】,https://www.youtube.com/watch?v=oVX-BiC55Do
怪物 / 音ノ瀬らこ【歌枠切り抜き】,https://www.youtube.com/watch?v=PSPVxiwPi28
ヒバナ / 音ノ瀬らこ【歌枠切り抜き】,https://www.youtube.com/watch?v=4u1y8pBGl-g
ひゅるりらぱっぱ / 音ノ瀬らこ【歌枠切り抜き】,https://www.youtube.com/watch?v=xNuvCfsHlA0
天ノ弱 / 音ノ瀬らこ【歌枠切り抜き】,https://www.youtube.com/watch?v=luuNGl8ZP7c
お返事まだカナ💦❓おじさん構文😁❗ / 音ノ瀬らこ【歌枠切り抜き】,https://www.youtube.com/watch?v=3IPO4noAA2M
ラヴィ / 音ノ瀬らこ【歌枠切り抜き】,https://www.youtube.com/watch?v=pyiu9-I3aJY
エルフ / 音ノ瀬らこ【歌枠切り抜き】,https://www.youtube.com/watch?v=SenAZ8f9dr8
テレキャスタービーボーイ / 音ノ瀬らこ【歌枠切り抜き】,https://www.youtube.com/watch?v=cihORrtAFQA
I wonder / 音ノ瀬らこ【歌枠切り抜き】,https://www.youtube.com/watch?v=nm-e7dqPWWs
キャットラビング / 音ノ瀬らこ【歌枠切り抜き】,https://www.youtube.com/watch?v=373M6PN9wfA
ヴァンパイア / 音ノ瀬らこ【歌枠切り抜き】,https://www.youtube.com/watch?v=TVgX9FWSAJw
ハッピーラッキーチャッピー / 音ノ瀬らこ【歌枠切り抜き】,https://www.youtube.com/watch?v=8WiqbPLPvUY
ダイダイダイダイダイキライ / 音ノ瀬らこ【歌枠切り抜き】,https://www.youtube.com/watch?v=OLTMIILvZVM
ずうっといっしょ！ / 音ノ瀬らこ【歌枠切り抜き】,https://www.youtube.com/watch?v=xQtvRTty8zE
Alice in 冷凍庫 / 音ノ瀬らこ【歌枠切り抜き】,https://www.youtube.com/watch?v=das8_dT6uQk
夜明けと蛍 / 音ノ瀬らこ【歌枠切り抜き】,https://www.youtube.com/watch?v=6RGAv44fW84
青と夏 / 音ノ瀬らこ【歌枠切り抜き】,https://www.youtube.com/watch?v=XL89eSJ_rg8
LOSER / 音ノ瀬らこ【歌枠切り抜き】,https://www.youtube.com/watch?v=CA1R8G98sQY
ドラマツルギー / 音ノ瀬らこ【歌枠切り抜き】,https://www.youtube.com/watch?v=yq5vQO88-hU
だれかの心臓になれたなら / 音ノ瀬らこ【歌枠切り抜き】,https://www.youtube.com/watch?v=nnNlsnRD_mw
恋愛裁判 / 音ノ瀬らこ【歌枠切り抜き】,https://www.youtube.com/watch?v=-5U9AfykgVE
転生林檎 / 音ノ瀬らこ【歌枠切り抜き】,https://www.youtube.com/watch?v=ZlISlXWTwtk
明日の私に幸あれ / 音ノ瀬らこ【歌枠切り抜き】,https://www.youtube.com/watch?v=TJAs8b8vBgw
踊 / 音ノ瀬らこ【歌枠切り抜き】,https://www.youtube.com/watch?v=docew5poE_A
ノンブレス・オブリージュ / 音ノ瀬らこ【歌枠切り抜き】,https://www.youtube.com/watch?v=neNVaGmVl0I
ノーダウト / 音ノ瀬らこ【歌枠切り抜き】,https://www.youtube.com/watch?v=jrYfGbqrp9c
ひゅるりらぱっぱ / 音ノ瀬らこ【歌枠切り抜き】,https://www.youtube.com/watch?v=QF-BgOvhg6E
臨界ダイバー / 音ノ瀬らこ【歌枠切り抜き】,https://www.youtube.com/watch?v=yST52gWe3uY
お返事まだカナ💦❓おじさん構文😁❗ / 音ノ瀬らこ【歌枠切り抜き】,https://www.youtube.com/watch?v=gTWle0hrlas
ロミオとシンデレラ / 音ノ瀬らこ【歌枠切り抜き】,https://www.youtube.com/watch?v=CIBnBQHo06Q
ひゅるりらぱっぱ / 音ノ瀬らこ【歌枠切り抜き】,https://www.youtube.com/watch?v=n74vaIK-1L0
お返事まだカナ💦❓おじさん構文😁❗️ / 音ノ瀬らこ【歌枠切り抜き】,https://www.youtube.com/watch?v=CjKdI4Lz62c
夜明けと蛍 / 音ノ瀬らこ【歌枠切り抜き】,https://www.youtube.com/watch?v=inG0Lg1BZlg
あなたの夜が明けるまで / 音ノ瀬らこ【歌枠切り抜き】,https://www.youtube.com/watch?v=za5YU69lRwU
ロミオとシンデレラ / 音ノ瀬らこ【歌枠切り抜き】,https://www.youtube.com/watch?v=KaenISgewlU
からくりピエロ / 音ノ瀬らこ【歌枠切り抜き】,https://www.youtube.com/watch?v=FcEh-iglvZ0
シャルル / 音ノ瀬らこ【歌枠切り抜き】,https://www.youtube.com/watch?v=qZVDKBtkNrA
恋愛裁判 / 音ノ瀬らこ【歌枠切り抜き】,https://www.youtube.com/watch?v=8m5L_s1vbKo
転生林檎 / 音ノ瀬らこ【歌枠切り抜き】,https://www.youtube.com/watch?v=5hWYb6pyZeE
ダダダダ天使 / 音ノ瀬らこ【歌枠切り抜き】,https://www.youtube.com/watch?v=3X5T6YCqVsA
Dec. / 音ノ瀬らこ【歌枠切り抜き】,https://www.youtube.com/watch?v=KdLAQ7wssIQ
人マニア / 音ノ瀬らこ【歌枠切り抜き】,https://www.youtube.com/watch?v=m2WLtze9prk
ハッピーラッキーチャッピー / 音ノ瀬らこ【歌枠切り抜き】,https://www.youtube.com/watch?v=md9YoXV-xrI
ダイダイダイダイキライ / 音ノ瀬らこ【歌枠切り抜き】,https://www.youtube.com/watch?v=lAQEL8ONu-U
オーバーライド / 音ノ瀬らこ【歌枠切り抜き】,https://www.youtube.com/watch?v=UUy2OWlG03g
I wonder / 音ノ瀬らこ【歌枠切り抜き】,https://www.youtube.com/watch?v=dn7SpbZrq2k
I wonder / 音ノ瀬らこ【歌枠切り抜き】,https://www.youtube.com/watch?v=Jh96VEXaG2g
ダーリン / 音ノ瀬らこ【歌枠切り抜き】,https://www.youtube.com/watch?v=kKMlITeGq28
人マニア / 音ノ瀬らこ【歌枠切り抜き】,https://www.youtube.com/watch?v=imZDNgP-Ysw
星座になれたら / 音ノ瀬らこ【歌枠切り抜き】,https://www.youtube.com/watch?v=R8Y1zOLTw9w
雨とペトラ / 音ノ瀬らこ【歌枠切り抜き】,https://www.youtube.com/watch?v=Avo0hejrAUg
明日の私に幸あれ / 音ノ瀬らこ【歌枠切り抜き】,https://www.youtube.com/watch?v=thOMyoveD3k
夜明けと蛍 / 音ノ瀬らこ【歌枠切り抜き】,https://www.youtube.com/watch?v=ax-dqU0ZmRo
ひゅるりらぱっぱ / 音ノ瀬らこ【歌枠切り抜き】,https://www.youtube.com/watch?v=VQCHKpx9N58
ハロ／ハワユ / 音ノ瀬らこ【歌枠切り抜き】,https://www.youtube.com/watch?v=J1QPbW-95Hw
ウミユリ海底譚 / 音ノ瀬らこ【歌枠切り抜き】,https://www.youtube.com/watch?v=JSEmG05VIK0
爆弾魔 / 音ノ瀬らこ【歌枠切り抜き】,https://www.youtube.com/watch?v=3vgJR0aS0Gg
宿命 / 音ノ瀬らこ【歌枠切り抜き】,https://www.youtube.com/watch?v=VCA0EHAH5S4
残機 / 音ノ瀬らこ【歌枠切り抜き】,https://www.youtube.com/watch?v=mkh0a74x6Qg
弱虫モンブラン / 音ノ瀬らこ【歌枠切り抜き】,https://www.youtube.com/watch?v=O_UE1kVLzRI
秒針を噛む / 音ノ瀬らこ【歌枠切り抜き】,https://www.youtube.com/watch?v=TTaEQdXusLQ
Best Friend（西野カナさん）/ 音ノ瀬らこ【歌枠切り抜き】,https://www.youtube.com/watch?v=0zKhVN2qJ14
Best Friend （Kiroroさん）/ 音ノ瀬らこ【歌枠切り抜き】,https://www.youtube.com/watch?v=8MijuIEd3Kc
夜明けと蛍 / 音ノ瀬らこ【歌枠切り抜き】,https://www.youtube.com/watch?v=iwT5phpgx0Y
第ゼロ感 / 音ノ瀬らこ【歌枠切り抜き】,https://www.youtube.com/watch?v=T-cUdxIEPCg
だれかの心臓になれたなら / 音ノ瀬らこ【歌枠切り抜き】,https://www.youtube.com/watch?v=k8bEBXDSjGQ
ドラマツルギー / 音ノ瀬らこ【歌枠切り抜き】,https://www.youtube.com/watch?v=h7iIvDag8OY
さくらんぼ / 音ノ瀬らこ【歌枠切り抜き】,https://www.youtube.com/watch?v=ZJ4C6rwsKNk
残機 / 音ノ瀬らこ【歌枠切り抜き】,https://www.youtube.com/watch?v=zuDgzNDdpsI
CQCQ / 音ノ瀬らこ【歌枠切り抜き】,https://www.youtube.com/watch?v=7UaOeFywl3U
ダダダダ天使 / 音ノ瀬らこ【歌枠切り抜き】,https://www.youtube.com/watch?v=xuNgLFIwGN0
邪魔 / 音ノ瀬らこ【歌枠切り抜き】,https://www.youtube.com/watch?v=RNTj6qZRlO4
ひゅるりらぱっぱ / 音ノ瀬らこ【歌枠切り抜き】,https://www.youtube.com/watch?v=iTbgri7WdGs
KICKBACK / 音ノ瀬らこ【歌枠切り抜き】,https://www.youtube.com/watch?v=9XS8i47MVkc
プラネタリウム / 音ノ瀬らこ【歌枠切り抜き】,https://www.youtube.com/watch?v=Fy9XOwL5r6M
生きる / 音ノ瀬らこ【歌枠切り抜き】,https://www.youtube.com/watch?v=uhz42EC37qk
エンヴィーベイビー / 音ノ瀬らこ【歌枠切り抜き】,https://www.youtube.com/watch?v=hEmgqQnu8d4
エゴロック / 音ノ瀬らこ【歌枠切り抜き】,https://www.youtube.com/watch?v=yap-mtvw3hY
【アカペラ】高音厨音域テスト / 音ノ瀬らこ【歌枠切り抜き】,https://www.youtube.com/watch?v=zpNirb4ck74
【アカペラ】おやすみ泣き声、さよなら歌姫 / 音ノ瀬らこ【歌枠切り抜き】,https://www.youtube.com/watch?v=GP6uVKhSp58
Surges / 音ノ瀬らこ【歌枠切り抜き】,https://www.youtube.com/watch?v=XundPvtXMPc
君の知らない物語 / 音ノ瀬らこ【歌枠切り抜き】,https://www.youtube.com/watch?v=W940BuKHw-Q
Alice in 冷凍庫 / 音ノ瀬らこ【歌枠切り抜き】,https://www.youtube.com/watch?v=5Brz9POpW-c
フリージア / 音ノ瀬らこ【歌枠切り抜き】,https://www.youtube.com/watch?v=XLqUwL8QOUg
115万キロのフィルム / 音ノ瀬らこ【歌枠切り抜き】,https://www.youtube.com/watch?v=XFrjRUVcoPE
君の為のキミノウタ / 音ノ瀬らこ【歌枠切り抜き】,https://www.youtube.com/watch?v=93coXpo3nQM
夜明けと蛍 / 音ノ瀬らこ【歌枠切り抜き】,https://www.youtube.com/watch?v=91xY5EJgxuA
だれかの心臓になれたなら / 音ノ瀬らこ【歌枠切り抜き】,https://www.youtube.com/watch?v=6eOwdhCdrjI
乙女解剖 / 音ノ瀬らこ【歌枠切り抜き】,https://www.youtube.com/watch?v=3Fs2H4JprYU
宿命 / 音ノ瀬らこ【歌枠切り抜き】,https://www.youtube.com/watch?v=A1hc2uccMQc
少女レイ / 音ノ瀬らこ【歌枠切り抜き】,https://www.youtube.com/watch?v=c-nlJjWuywk
雨とカプチーノ / 音ノ瀬らこ【歌枠切り抜き】,https://www.youtube.com/watch?v=UAvASIvDpLk
群青 / 音ノ瀬らこ【歌枠切り抜き】,https://www.youtube.com/watch?v=UcyRn-on5Dg
Henceforth / 音ノ瀬らこ【歌枠切り抜き】,https://www.youtube.com/watch?v=ZzL_ra1HhGk
メーベル / 音ノ瀬らこ【歌枠切り抜き】,https://www.youtube.com/watch?v=MUV2bIqOZjE
怪獣の花唄 / 音ノ瀬らこ【歌枠切り抜き】,https://www.youtube.com/watch?v=zlFEJLxjw8U
DAYBREAK FRONTLINE / 音ノ瀬らこ【歌枠切り抜き】,https://www.youtube.com/watch?v=k_kL1F0GmIY
雨とペトラ / 音ノ瀬らこ【歌枠切り抜き】,https://www.youtube.com/watch?v=pnXTqxSY3-c
ハローディストピア / 音ノ瀬らこ【歌枠切り抜き】,https://www.youtube.com/watch?v=P8ShJ4G6DGU
ただ君に晴れ / 音ノ瀬らこ【歌枠切り抜き】,https://www.youtube.com/watch?v=6yv79xaqUW4
ハッピーエンド / 音ノ瀬らこ【歌枠切り抜き】,https://www.youtube.com/watch?v=HiLDEXjzs-w
ライラック / 音ノ瀬らこ【歌枠切り抜き】,https://www.youtube.com/watch?v=WmMGrdkwSLQ
あなたの夜が明けるまで / 音ノ瀬らこ【歌枠切り抜き】,https://www.youtube.com/watch?v=cl0Sm46ln9o
青と夏 / 音ノ瀬らこ【歌枠切り抜き】,https://www.youtube.com/watch?v=6grW7bqrj1k
POP IN 2 / 音ノ瀬らこ【歌枠切り抜き】,https://www.youtube.com/watch?v=S88Ry0dRpqs
366日 / 音ノ瀬らこ【歌枠切り抜き】,https://www.youtube.com/watch?v=JVWXmqV2vF4
夜明けと蛍 / 音ノ瀬らこ【歌枠切り抜き】,https://www.youtube.com/watch?v=hIKxvUOYSlY
アイのシナリオ / 音ノ瀬らこ【歌枠切り抜き】,https://www.youtube.com/watch?v=w2gJuSuuedg
星座になれたら / 音ノ瀬らこ【歌枠切り抜き】,https://www.youtube.com/watch?v=31NHcOrdHPY
CITRUS / 音ノ瀬らこ【歌枠切り抜き】,https://www.youtube.com/watch?v=eQDE0frlcdA
Mela! / 音ノ瀬らこ【歌枠切り抜き】,https://www.youtube.com/watch?v=KNl62pS_W88
プライド革命 / 音ノ瀬らこ【歌枠切り抜き】,https://www.youtube.com/watch?v=H8QyGt31wPU
恋愛裁判 / 音ノ瀬らこ【歌枠切り抜き】,https://www.youtube.com/watch?v=NWMxPo_-dBc
幽霊東京 / 音ノ瀬らこ【歌枠切り抜き】,https://www.youtube.com/watch?v=jKLatF5jds0
ハオ / 音ノ瀬らこ【歌枠切り抜き】,https://www.youtube.com/watch?v=tGVLMWznwLM
脳裏上のクラッカー / 音ノ瀬らこ【歌枠切り抜き】,https://www.youtube.com/watch?v=cx7csKbifDc
地球最後の告白を / 音ノ瀬らこ【歌枠切り抜き】,https://www.youtube.com/watch?v=LD-XWU2kYDc
人マニア / 音ノ瀬らこ【歌枠切り抜き】,https://www.youtube.com/watch?v=OG_eB6X9k8A
マーシャル・マキシマイザー / 音ノ瀬らこ【歌枠切り抜き】,https://www.youtube.com/watch?v=uaXUv0SugLo
ヴァンパイア / 音ノ瀬らこ【歌枠切り抜き】,https://www.youtube.com/watch?v=3OY0yJHtuzI
アスノヨゾラ哨戒班 / 音ノ瀬らこ【歌枠切り抜き】,https://www.youtube.com/watch?v=Ef0IobvXy3s
G4L / 音ノ瀬らこ【歌枠切り抜き】,https://www.youtube.com/watch?v=MMt_Rmj8UmU
ド屑 / 音ノ瀬らこ【歌枠切り抜き】,https://www.youtube.com/watch?v=nq5pVk5WQYE
ダーリン / 音ノ瀬らこ【歌枠切り抜き】,https://www.youtube.com/watch?v=EWvo_GrDVQ8
爆弾魔 / 音ノ瀬らこ【歌枠切り抜き】,https://www.youtube.com/watch?v=inSQsYh73lo
裏表ラバーズ / 音ノ瀬らこ【歌枠切り抜き】,https://www.youtube.com/watch?v=nnxyZHeHW5Q
愛を伝えたいだとか / 音ノ瀬らこ【歌枠切り抜き】,https://www.youtube.com/watch?v=vyZWdBRY4J8
祝福 / 音ノ瀬らこ【歌枠切り抜き】,https://www.youtube.com/watch?v=FESpF3Jo5qw
夜明けと蛍 / 音ノ瀬らこ【歌枠切り抜き】,https://www.youtube.com/watch?v=IZgBx3YWVJM
抜錨 / 音ノ瀬らこ【歌枠切り抜き】,https://www.youtube.com/watch?v=CunpH8RyUIY
乙女解剖 / 音ノ瀬らこ【歌枠切り抜き】,https://www.youtube.com/watch?v=lsWVOl0bq3w
ワールズエンド・ダンスホール / 音ノ瀬らこ【歌枠切り抜き】,https://www.youtube.com/watch?v=v5chYeWQn1U
ロミオとシンデレラ / 音ノ瀬らこ【歌枠切り抜き】,https://www.youtube.com/watch?v=rdDzWOQ5Jgo
ロストワンの号哭 / 音ノ瀬らこ【歌枠切り抜き】,https://www.youtube.com/watch?v=jUqFth9NM5Y
モニタリング / 音ノ瀬らこ【歌枠切り抜き】,https://www.youtube.com/watch?v=ys7nPSmq5_k
ヒバナ / 音ノ瀬らこ【歌枠切り抜き】,https://www.youtube.com/watch?v=vIjpu5-nf8c
ヒッチコック / 音ノ瀬らこ【歌枠切り抜き】,https://www.youtube.com/watch?v=uYjlKAIx08k
バレリーコ / 音ノ瀬らこ【歌枠切り抜き】,https://www.youtube.com/watch?v=nY8KTY_P-XY
ドーナツホール / 音ノ瀬らこ【歌枠切り抜き】,https://www.youtube.com/watch?v=LoA-XhabgKg
だから僕は音楽を辞めた / 音ノ瀬らこ【歌枠切り抜き】,https://www.youtube.com/watch?v=tq8Kmyej9Co
ダーリンダンス / 音ノ瀬らこ【歌枠切り抜き】,https://www.youtube.com/watch?v=sO_jo1dHgB0
ジャンキーナイトタウンオーケストラ / 音ノ瀬らこ【歌枠切り抜き】,https://www.youtube.com/watch?v=prahXWiPKXY
ギターと孤独の蒼い惑星 / 音ノ瀬らこ【歌枠切り抜き】,https://www.youtube.com/watch?v=EXuQ4MPYKbE
からくりピエロ / 音ノ瀬らこ【歌枠切り抜き】,https://www.youtube.com/watch?v=QY6BW1yovKU
おジャ魔女カーニバル！！ / 音ノ瀬らこ【歌枠切り抜き】,https://www.youtube.com/watch?v=tJHJ0W5gY8I
アタシは問題作 / 音ノ瀬らこ【歌枠切り抜き】,https://www.youtube.com/watch?v=SjWr4-dV2rg
Tot Musica / 音ノ瀬らこ【歌枠切り抜き】,https://www.youtube.com/watch?v=CJjRLRh1_64
only my railgun / 音ノ瀬らこ【歌枠切り抜き】,https://www.youtube.com/watch?v=eh9EwiNeGCs
レディメイド / 音ノ瀬らこ【歌枠切り抜き】,https://www.youtube.com/watch?v=qKCtEZYHMyo
夜明けと蛍 / 音ノ瀬らこ【歌枠切り抜き】,https://www.youtube.com/watch?v=EJLQ0K4Z0tY
乙女解剖 / 音ノ瀬らこ【歌枠切り抜き】,https://www.youtube.com/watch?v=kjphKq1BSMM
少女レイ / 音ノ瀬らこ【歌枠切り抜き】,https://www.youtube.com/watch?v=unI0MuOJCBc
アンノウン・マザーグース / 音ノ瀬らこ【歌枠切り抜き】,https://www.youtube.com/watch?v=7A9KptJcA3U
カワキヲアメク / 音ノ瀬らこ【歌枠切り抜き】,https://www.youtube.com/watch?v=m9YTeP6ody4
ヤミタイガール / 音ノ瀬らこ【歌枠切り抜き】,https://www.youtube.com/watch?v=BpbT7V_bfh8
LOSER / 音ノ瀬らこ【歌枠切り抜き】,https://www.youtube.com/watch?v=1ElnYbuKOn8
明日の私に幸あれ / 音ノ瀬らこ【歌枠切り抜き】,https://www.youtube.com/watch?v=EJGkTHsZ6QY
雨とペトラ / 音ノ瀬らこ【歌枠切り抜き】,https://www.youtube.com/watch?v=MHwMa1Gg_-E
フォニイ / 音ノ瀬らこ【歌枠切り抜き】,https://www.youtube.com/watch?v=3c2MuuFV4a0
魔法少女とチョコレゐト / 音ノ瀬らこ【歌枠切り抜き】,https://www.youtube.com/watch?v=DmvrEPZTFzc
絶頂讃歌 / 音ノ瀬らこ【歌枠切り抜き】,https://www.youtube.com/watch?v=vkeYBk-Q29k
ずうっといっしょ！ / 音ノ瀬らこ【歌枠切り抜き】,https://www.youtube.com/watch?v=q3GQRPBt7oM
ビビデバ / 音ノ瀬らこ【歌枠切り抜き】,https://www.youtube.com/watch?v=6JEzPrhm-1I
デーモンロード / 音ノ瀬らこ【歌枠切り抜き】,https://www.youtube.com/watch?v=JVX_9r6WULs
ダイダイダイダイダイキライ / 音ノ瀬らこ【歌枠切り抜き】,https://www.youtube.com/watch?v=C6giwrInlmA
Dec. / 音ノ瀬らこ【歌枠切り抜き】,https://www.youtube.com/watch?v=R5IpTWERjVU
ゴーストルール / 音ノ瀬らこ【歌枠切り抜き】,https://www.youtube.com/watch?v=pE80cMRkJW4
ジレンマ / 音ノ瀬らこ【歌枠切り抜き】,https://www.youtube.com/watch?v=Pdc19MKod4A
アイデンティティ / 音ノ瀬らこ【歌枠切り抜き】,https://www.youtube.com/watch?v=1R_vc6jbKR4
モエチャッカファイア / 音ノ瀬らこ【歌枠切り抜き】,https://www.youtube.com/watch?v=UU8PpIwuWKU
デーモンロード / 音ノ瀬らこ【歌枠切り抜き】,https://www.youtube.com/watch?v=45muHcKDFes
KING / 音ノ瀬らこ【歌枠切り抜き】,https://www.youtube.com/watch?v=MmsWu0FALJg
Dec. / 音ノ瀬らこ【歌枠切り抜き】,https://www.youtube.com/watch?v=QsUICpXeoSM
テレパシ / 音ノ瀬らこ【歌枠切り抜き】,https://www.youtube.com/watch?v=AgE3mTSgv2o
Dec. / 音ノ瀬らこ【歌枠切り抜き】,https://www.youtube.com/watch?v=T4y8E0Ij8vs
ハナタバ / 音ノ瀬らこ【歌枠切り抜き】,https://www.youtube.com/watch?v=M8PXCFCuhQ0
バグ / 音ノ瀬らこ【歌枠切り抜き】,https://www.youtube.com/watch?v=OOfiDBHmfEg
テトリス / 音ノ瀬らこ【歌枠切り抜き】,https://www.youtube.com/watch?v=tDnNk-2m8tU
ダイダイダイダイダイキライ / 音ノ瀬らこ【歌枠切り抜き】,https://www.youtube.com/watch?v=MxAjg8Cig3E
テレパシ / 音ノ瀬らこ【歌枠切り抜き】,https://www.youtube.com/watch?v=FDu6zbhWLgU
アスノヨゾラ哨戒班 / 音ノ瀬らこ【歌枠切り抜き】,https://www.youtube.com/watch?v=dxq99IdbvB8
ダイダイダイダイダイキライ / 音ノ瀬らこ【歌枠切り抜き】,https://www.youtube.com/watch?v=c7bqhg-Xm8A
テレパシ / 音ノ瀬らこ【歌枠切り抜き】,https://www.youtube.com/watch?v=5DEqTuw-Nw8
ヒバナ / 音ノ瀬らこ【歌枠切り抜き】,https://www.youtube.com/watch?v=hTwvwQY2SoU
ダーリン / 音ノ瀬らこ【歌枠切り抜き】,https://www.youtube.com/watch?v=r6_hCEcuEwY
テレパシ / 音ノ瀬らこ【歌枠切り抜き】,https://www.youtube.com/watch?v=QfVHnLsNBQA
モエチャッカファイア / 音ノ瀬らこ【歌枠切り抜き】,https://www.youtube.com/watch?v=Ate_Q-Z9p38
テトリス / 音ノ瀬らこ【歌枠切り抜き】,https://www.youtube.com/watch?v=dK3rL_sYh_Y
テトリス / 音ノ瀬らこ【歌枠切り抜き】,https://www.youtube.com/watch?v=JWrolp7P8Jo
メズマライザー / 音ノ瀬らこ【歌枠切り抜き】,https://www.youtube.com/watch?v=eQ7RWeWAOag
ずうっといっしょ！ / 音ノ瀬らこ【歌枠切り抜き】,https://www.youtube.com/watch?v=akDs5W97ZJ0
ダーリン / 音ノ瀬らこ【歌枠切り抜き】,https://www.youtube.com/watch?v=AkLhE6WuBEE
ダーリン / 音ノ瀬らこ【歌枠切り抜き】,https://www.youtube.com/watch?v=eo3Tqj4DDE0
QUEEN / 音ノ瀬らこ【歌枠切り抜き】,https://www.youtube.com/watch?v=s5Zab-O6iP4
モニタリング / 音ノ瀬らこ【歌枠切り抜き】,https://www.youtube.com/watch?v=a38MtRMoW6w
アタシは問題作 / 音ノ瀬らこ【歌枠切り抜き】,https://www.youtube.com/watch?v=5eEeh7CbWvo
マーシャル・マキシマイザー / 音ノ瀬らこ【歌枠切り抜き】,https://www.youtube.com/watch?v=VADAY8nI0mE
デビルじゃないもん / 音ノ瀬らこ【歌枠切り抜き】,https://www.youtube.com/watch?v=s91p1ItrghA
アスノヨゾラ哨戒班 / 音ノ瀬らこ【歌枠切り抜き】,https://www.youtube.com/watch?v=7ihMl0m4xPs
モニタリング / 音ノ瀬らこ【歌枠切り抜き】,https://www.youtube.com/watch?v=mSCbVdox2kw
デビルじゃないもん / 音ノ瀬らこ【歌枠切り抜き】,https://www.youtube.com/watch?v=ryM4QRLHsAc
モニタリング / 音ノ瀬らこ【歌枠切り抜き】,https://www.youtube.com/watch?v=GLc0KXU0M8s
テトリス / 音ノ瀬らこ【歌枠切り抜き】,https://www.youtube.com/watch?v=GXjUMS8GSTs
ずうっといっしょ！ / 音ノ瀬らこ【歌枠切り抜き】,https://www.youtube.com/watch?v=5la3HpLYKjM
キャットラビング / 音ノ瀬らこ【歌枠切り抜き】,https://www.youtube.com/watch?v=ye9A0eYcpyc
ビビデバ / 音ノ瀬らこ【歌枠切り抜き】,https://www.youtube.com/watch?v=EHjpQFW-J7c
テトリス / 音ノ瀬らこ【歌枠切り抜き】,https://www.youtube.com/watch?v=vNyBqsnktLk
テトリス / 音ノ瀬らこ【歌枠切り抜き】,https://www.youtube.com/watch?v=2iO99WSjFOI
モニタリング【歌い手グループ】 / 音ノ瀬らこ【歌枠切り抜き】,https://www.youtube.com/watch?v=WXgXe7AHwEQ
アスノヨゾラ哨戒班【通常ver 】 / 音ノ瀬らこ【歌枠切り抜き】,https://www.youtube.com/watch?v=aX3XZsiOERA
モニタリング / 音ノ瀬らこ【歌枠切り抜き】,https://www.youtube.com/watch?v=qqvOT9G0-xs
オーバーライド / 音ノ瀬らこ【歌枠切り抜き】,https://www.youtube.com/watch?v=nxnTfu2E_Io
ずうっといっしょ！ / 音ノ瀬らこ【歌枠切り抜き】,https://www.youtube.com/watch?v=KHdmat9z004
ウタカタララバイ / 音ノ瀬らこ【歌枠切り抜き】,https://www.youtube.com/watch?v=Z6Gs2C1F7Dc
ビビデバ / 音ノ瀬らこ【歌枠切り抜き】,https://www.youtube.com/watch?v=VJjJvWhtnp4
バグ / 音ノ瀬らこ【歌枠切り抜き】,https://www.youtube.com/watch?v=Uc6arq79leE
QUEEN / 音ノ瀬らこ【歌枠切り抜き】,https://www.youtube.com/watch?v=9dKf61l1ezo
鬼ノ宴/ 音ノ瀬らこ【歌枠切り抜き】,https://www.youtube.com/watch?v=pmEdoIcpEHc
モエチャッカファイア / 音ノ瀬らこ【歌枠切り抜き】,https://www.youtube.com/watch?v=XMZQCLBr8ss
メズマライザー / 音ノ瀬らこ【歌枠切り抜き】,https://www.youtube.com/watch?v=lW0E6ZiGTVs
ダーリン / 音ノ瀬らこ【歌枠切り抜き】,https://www.youtube.com/watch?v=oxPyGV5yq6M
モエチャッカファイア / 音ノ瀬らこ【歌枠切り抜き】,https://www.youtube.com/watch?v=IufbZirdwEI
ビビデバ / 音ノ瀬らこ【歌枠切り抜き】,https://www.youtube.com/watch?v=4drtWPb2pdA
ド屑 / 音ノ瀬らこ【歌枠切り抜き】,https://www.youtube.com/watch?v=j-PUGX2GYuk
アイデンティティ/ 音ノ瀬らこ【歌枠切り抜き】,https://www.youtube.com/watch?v=yxbIvioYLpY
酔いどれ知らず / 音ノ瀬らこ【歌枠切り抜き】,https://www.youtube.com/watch?v=tfmcpkTJzGA
キャットラビング / 音ノ瀬らこ【歌枠切り抜き】,https://www.youtube.com/watch?v=jJQ5S0bUl_g
モエチャッカファイア / 音ノ瀬らこ【歌枠切り抜き】,https://www.youtube.com/watch?v=ums7pk82SUo
ダーリン / 音ノ瀬らこ【歌枠切り抜き】,https://www.youtube.com/watch?v=2aQ3IbnUf20
混沌ブギ / 音ノ瀬らこ【歌枠切り抜き】,https://www.youtube.com/watch?v=AZMr94cTG7M
生きる / 音ノ瀬らこ【歌枠切り抜き】,https://www.youtube.com/watch?v=8Dy4Xe02jxk
ハナタバ / 音ノ瀬らこ【歌枠切り抜き】,https://www.youtube.com/watch?v=G3mq59jDr5w
バグ / 音ノ瀬らこ【歌枠切り抜き】,https://www.youtube.com/watch?v=TUuKU6DlNYk
デイバイデイズ / 音ノ瀬らこ【歌枠切り抜き】,https://www.youtube.com/watch?v=2oCbS98bRaE
カレシのジュード / 音ノ瀬らこ【歌枠切り抜き】,https://www.youtube.com/watch?v=7dWtdahdFB8
睨めっ娘 / 音ノ瀬らこ【歌枠切り抜き】,https://www.youtube.com/watch?v=Sz4eP7K0K_w
ダーリン / 音ノ瀬らこ【歌枠切り抜き】,https://www.youtube.com/watch?v=Hy1vzV2QhSQ
ジレンマ / 音ノ瀬らこ【歌枠切り抜き】,https://www.youtube.com/watch?v=PFLPHNGNZwg
CH4NGE / 音ノ瀬らこ【歌枠切り抜き】,https://www.youtube.com/watch?v=kIPG9QOdqmY
睨めっ娘 / 音ノ瀬らこ【歌枠切り抜き】,https://www.youtube.com/watch?v=O-2EUfMef6g
ラビットホール / 音ノ瀬らこ【歌枠切り抜き】,https://www.youtube.com/watch?v=Hprqy7SsOJ0
ビビデバ / 音ノ瀬らこ【歌枠切り抜き】,https://www.youtube.com/watch?v=nGJuKUne9xU
ダーリン / 音ノ瀬らこ【歌枠切り抜き】,https://www.youtube.com/watch?v=nu7pjLT1eX0
ずうっといっしょ！ / 音ノ瀬らこ【歌枠切り抜き】,https://www.youtube.com/watch?v=HHg4_F-xEKo
KING / 音ノ瀬らこ【歌枠切り抜き】,https://www.youtube.com/watch?v=wW5b74HzonQ
ダイダイダイダイダイキライ / 音ノ瀬らこ【歌枠切り抜き】,https://www.youtube.com/watch?v=7mdCBnwbiqY
エンヴィーベイビー / 音ノ瀬らこ【歌枠切り抜き】,https://www.youtube.com/watch?v=Ea9tZFdGmwA
エイリアンエイリアン / 音ノ瀬らこ【歌枠切り抜き】,https://www.youtube.com/watch?v=v9cLyPJ21hs
春泥棒 / 音ノ瀬らこ【歌枠切り抜き】,https://www.youtube.com/watch?v=CDFpk5aL54I
だれかの心臓になれたなら / 音ノ瀬らこ【歌枠切り抜き】,https://www.youtube.com/watch?v=rjrUNoUcMB4
ライラック / 音ノ瀬らこ【歌枠切り抜き】,https://www.youtube.com/watch?v=dOKhGIDboIU
夜明けと蛍 / 音ノ瀬らこ【歌枠切り抜き】,https://www.youtube.com/watch?v=N_-Xc95cjDU
トゥインクル / 音ノ瀬らこ【歌枠切り抜き】,https://www.youtube.com/watch?v=MiA_732Ih3g
ダーリンダンス / 音ノ瀬らこ【歌枠切り抜き】,https://www.youtube.com/watch?v=ZyPEQrPzY1w
太陽系デスコ / 音ノ瀬らこ【歌枠切り抜き】,https://www.youtube.com/watch?v=oF2fpKtI570
拝啓、少年よ / 音ノ瀬らこ【歌枠切り抜き】,https://www.youtube.com/watch?v=lEpVYfVX7dQ
ラブカ? / 音ノ瀬らこ【歌枠切り抜き】,https://www.youtube.com/watch?v=RQhYqvhhbQQ
ラヴィ / 音ノ瀬らこ【歌枠切り抜き】,https://www.youtube.com/watch?v=G3BSweg6XSE
G4L / 音ノ瀬らこ【歌枠切り抜き】,https://www.youtube.com/watch?v=EWgM0ue4ilg
アンノウン・マザーグース / 音ノ瀬らこ【歌枠切り抜き】,https://www.youtube.com/watch?v=GXEE5mQjaj0
only my railgun / 音ノ瀬らこ【歌枠切り抜き】,https://www.youtube.com/watch?v=WUEYGRvPhJI
ヤミタイガール / 音ノ瀬らこ【歌枠切り抜き】,https://www.youtube.com/watch?v=6yydlaQMW-o
藍二乗 / 音ノ瀬らこ【歌枠切り抜き】,https://www.youtube.com/watch?v=53BI9hY_Bvg
メランコリック / 音ノ瀬らこ【歌枠切り抜き】,https://www.youtube.com/watch?v=Vmx8FE5hPRo
乙女解剖 / 音ノ瀬らこ【歌枠切り抜き】,https://www.youtube.com/watch?v=NBDAQa3pMyI
ジャンキーナイトタウンオーケストラ / 音ノ瀬らこ【歌枠切り抜き】,https://www.youtube.com/watch?v=VBSEr_CG5qo
六兆年と一夜物語 / 音ノ瀬らこ【歌枠切り抜き】,https://www.youtube.com/watch?v=ODh7FQhHx3Q
Only my Railgun / 音ノ瀬らこ【歌枠切り抜き】,https://www.youtube.com/watch?v=qPmHWaHrxD0
ライラック / 音ノ瀬らこ【歌枠切り抜き】,https://www.youtube.com/watch?v=PBbNQKLcT6s
エルフ / 音ノ瀬らこ【歌枠切り抜き】,https://www.youtube.com/watch?v=D52lGlamCy8
ロミオとシンデレラ / 音ノ瀬らこ【歌枠切り抜き】,https://www.youtube.com/watch?v=c_42OPlcFhU
宿命 / 音ノ瀬らこ【歌枠切り抜き】,https://www.youtube.com/watch?v=EUc080_fFKQ
変わらないもの / 音ノ瀬らこ【歌枠切り抜き】,https://www.youtube.com/watch?v=JEa0vkHrtpM
花の塔 / 音ノ瀬らこ【歌枠切り抜き】,https://www.youtube.com/watch?v=HDDw2iFOiOw
決戦スピリット / 音ノ瀬らこ【歌枠切り抜き】,https://www.youtube.com/watch?v=FidNFyKnwCw
炎 / 音ノ瀬らこ【歌枠切り抜き】,https://www.youtube.com/watch?v=16gWqk3Y-_4
たぶん / 音ノ瀬らこ【歌枠切り抜き】,https://www.youtube.com/watch?v=bSqhZuGi9ZQ
魂のルフラン / 音ノ瀬らこ【歌枠切り抜き】,https://www.youtube.com/watch?v=JHcSr0doRCA
夜明けと蛍 / 音ノ瀬らこ【歌枠切り抜き】,https://www.youtube.com/watch?v=vaYopXGO6Ms
愛をこめて花束を / 音ノ瀬らこ【歌枠切り抜き】,https://www.youtube.com/watch?v=GXsCaFV57Qw
明日の私に幸あれ / 音ノ瀬らこ【歌枠切り抜き】,https://www.youtube.com/watch?v=ImW-puWA1Jc
ゴーストルール / 音ノ瀬らこ【歌枠切り抜き】,https://www.youtube.com/watch?v=xNxj3FdkHdI
ドーナツホール / 音ノ瀬らこ【歌枠切り抜き】,https://www.youtube.com/watch?v=gNXU7z0U6ew
えれくとりっく・えんじぇぅ / 音ノ瀬らこ【歌枠切り抜き】,https://www.youtube.com/watch?v=moFEHrrvmrQ
モザイクロール / 音ノ瀬らこ【歌枠切り抜き】,https://www.youtube.com/watch?v=JvpcvPswy_Q
鬼ノ宴 / 音ノ瀬らこ【歌枠切り抜き】,https://www.youtube.com/watch?v=O89y7Sk5-xM
ラヴィ / 音ノ瀬らこ【歌枠切り抜き】,https://www.youtube.com/watch?v=K8n9kLjHCAY
さよならエレジー / 音ノ瀬らこ【歌枠切り抜き】,https://www.youtube.com/watch?v=n8kfTv48Gis
残酷な天使のテーゼ / 音ノ瀬らこ【歌枠切り抜き】,https://www.youtube.com/watch?v=M6XFqjyCnvU
LOSER / 音ノ瀬らこ【歌枠切り抜き】,https://www.youtube.com/watch?v=Lla4LNgw448
砂の惑星 / 音ノ瀬らこ【歌枠切り抜き】,https://www.youtube.com/watch?v=3op3xczgVqA
ピースサイン / 音ノ瀬らこ【歌枠切り抜き】,https://www.youtube.com/watch?v=pM749gc5o2o
シルエット / 音ノ瀬らこ【歌枠切り抜き】,https://www.youtube.com/watch?v=C_DgWBj1X-Q
Bunny Girl / 音ノ瀬らこ【歌枠切り抜き】,https://www.youtube.com/watch?v=ZjaiOGeT5Dg
乙女解剖 / 音ノ瀬らこ【歌枠切り抜き】,https://www.youtube.com/watch?v=DWpuaS0cpSA
前前前世 / 音ノ瀬らこ【歌枠切り抜き】,https://www.youtube.com/watch?v=stMNyQlo_-A
六兆年と一夜物語 / 音ノ瀬らこ【歌枠切り抜き】,https://www.youtube.com/watch?v=G89xYLvoAH4
Pretender / 音ノ瀬らこ【歌枠切り抜き】,https://www.youtube.com/watch?v=hwGStksY84M
Lemon / 音ノ瀬らこ【歌枠切り抜き】,https://www.youtube.com/watch?v=gN8XiTw_q5Q
からくりピエロ / 音ノ瀬らこ【歌枠切り抜き】,https://www.youtube.com/watch?v=FAMV8fjg610
ウミユリ海底譚 / 音ノ瀬らこ【歌枠切り抜き】,https://www.youtube.com/watch?v=LoxGBn2fHQ0
ヤミタイガール / 音ノ瀬らこ【歌枠切り抜き】,https://www.youtube.com/watch?v=4ZypYNR_Iyg
いかないで / 音ノ瀬らこ【歌枠切り抜き】,https://www.youtube.com/watch?v=plKDp094S0A
弱虫モンブラン (Reloaded) / 音ノ瀬らこ【歌枠切り抜き】,https://www.youtube.com/watch?v=8aM1y_E5-8E
天ノ弱 / 音ノ瀬らこ【歌枠切り抜き】,https://www.youtube.com/watch?v=vJEJAfK2hhI
夜明けと蛍 / 音ノ瀬らこ【歌枠切り抜き】,https://www.youtube.com/watch?v=UAL_ObYF72w
妄想感傷代償連盟 / 音ノ瀬らこ【歌枠切り抜き】,https://www.youtube.com/watch?v=Rm7sJfQ-_CM
ネトゲ廃人シュプレヒコール / 音ノ瀬らこ【歌枠切り抜き】,https://www.youtube.com/watch?v=iLEtupuiQ7A
ロストワンの号哭 / 音ノ瀬らこ【歌枠切り抜き】,https://www.youtube.com/watch?v=oonMDsIgvUM
ゴーストルール / 音ノ瀬らこ【歌枠切り抜き】,https://www.youtube.com/watch?v=UIFfHb_18QM
ヒバナ / 音ノ瀬らこ【歌枠切り抜き】,https://www.youtube.com/watch?v=IQAFYHw0rps
砂の惑星 / 音ノ瀬らこ【歌枠切り抜き】,https://www.youtube.com/watch?v=c2Sk3IMLuWo
命に嫌われている。 / 音ノ瀬らこ【歌枠切り抜き】,https://www.youtube.com/watch?v=wZHD2cBcguw
夜明けと蛍 / 音ノ瀬らこ【歌枠切り抜き】,https://www.youtube.com/watch?v=WCB85gGIFWI
ロミオとシンデレラ / 音ノ瀬らこ【歌枠切り抜き】,https://www.youtube.com/watch?v=JO6t2ksZdJQ
だれかの心臓になれたなら / 音ノ瀬らこ【歌枠切り抜き】,https://www.youtube.com/watch?v=EuhFR6DfYxk
僕らは今のなかで / 音ノ瀬らこ【歌枠切り抜き】,https://www.youtube.com/watch?v=utORjm4GYPo
妄想税 / 音ノ瀬らこ【歌枠切り抜き】,https://www.youtube.com/watch?v=HFMguBVMRvQ
レディメイド / 音ノ瀬らこ【歌枠切り抜き】,https://www.youtube.com/watch?v=AYYQou78nWM
悪魔の踊り方 / 音ノ瀬らこ【歌枠切り抜き】,https://www.youtube.com/watch?v=4zohzTCUZBc
ヤミタイガール / 音ノ瀬らこ【歌枠切り抜き】,https://www.youtube.com/watch?v=wB1k_s_X7yY
大切な人たちへ / 音ノ瀬らこ【歌枠切り抜き】,https://www.youtube.com/watch?v=leCp0SNoltE
丸の内サディスティック / 音ノ瀬らこ【歌枠切り抜き】,https://www.youtube.com/watch?v=-mLnLaWdhwY
爆弾魔 / 音ノ瀬らこ【歌枠切り抜き】,https://www.youtube.com/watch?v=MtFP-JiBMJs
転生林檎 / 音ノ瀬らこ【歌枠切り抜き】,https://www.youtube.com/watch?v=gh8FVZr4gjc
僕が夢を捨てて大人になるまで / 音ノ瀬らこ【歌枠切り抜き】,https://www.youtube.com/watch?v=aSkiCj5ofqQ
踊 / 音ノ瀬らこ【歌枠切り抜き】,https://www.youtube.com/watch?v=2XEw3q6yPMk
チュルリラ・チュルリラ・ダッダッダ！ / 音ノ瀬らこ【歌枠切り抜き】,https://www.youtube.com/watch?v=sIIEzjNwl6s
唱 / 音ノ瀬らこ【歌枠切り抜き】,https://www.youtube.com/watch?v=MGGI3sc8kuo
ローリンガール / 音ノ瀬らこ【歌枠切り抜き】,https://www.youtube.com/watch?v=aHfXChqAM34
拝啓、少年よ / 音ノ瀬らこ【歌枠切り抜き】,https://www.youtube.com/watch?v=_0VRudA_Sv8
ラブカ? / 音ノ瀬らこ【歌枠切り抜き】,https://www.youtube.com/watch?v=0iI20mUTrXA
モニタリング / 音ノ瀬らこ【歌枠切り抜き】,https://www.youtube.com/watch?v=fJmOFmo552I
ダーリンダンス / 音ノ瀬らこ【歌枠切り抜き】,https://www.youtube.com/watch?v=yJCykYcXuRs
それは僕たちの奇跡 / 音ノ瀬らこ【歌枠切り抜き】,https://www.youtube.com/watch?v=Mt9Psma-Udg
アンノウン・マザーグース / 音ノ瀬らこ【歌枠切り抜き】,https://www.youtube.com/watch?v=SuLSoxldwJQ
START:DASH!! / 音ノ瀬らこ【歌枠切り抜き】,https://www.youtube.com/watch?v=kUwVbbGG5Fw
Dec. / 音ノ瀬らこ【歌枠切り抜き】,https://www.youtube.com/watch?v=vLtAOSVfk0c
Alice in 冷凍庫 / 音ノ瀬らこ【歌枠切り抜き】,https://www.youtube.com/watch?v=qIgqLAc5mX4
115万キロのフィルム / 音ノ瀬らこ【歌枠切り抜き】,https://www.youtube.com/watch?v=SsGy0TeLkmY
ボッカデラベリタ / 音ノ瀬らこ【歌枠切り抜き】,https://www.youtube.com/watch?v=OFNJTfPmhg4
秒針を噛む / 音ノ瀬らこ【歌枠切り抜き】,https://www.youtube.com/watch?v=8k0D-hY8KpI
爆弾魔 / 音ノ瀬らこ【歌枠切り抜き】,https://www.youtube.com/watch?v=YdSV6uaOJSA
曖昧劣情Lover / 音ノ瀬らこ【歌枠切り抜き】,https://www.youtube.com/watch?v=Ia_nO8SLxVg
弱虫モンブラン / 音ノ瀬らこ【歌枠切り抜き】,https://www.youtube.com/watch?v=hkIjx_z8yMI
雨とペトラ / 音ノ瀬らこ【歌枠切り抜き】,https://www.youtube.com/watch?v=sNNQolo1a5U
雨とカプチーノ / 音ノ瀬らこ【歌枠切り抜き】,https://www.youtube.com/watch?v=wee0ljzlDOI
花瓶に触れた / 音ノ瀬らこ【歌枠切り抜き】,https://www.youtube.com/watch?v=h0dprOO1ado
夜明けと蛍 / 音ノ瀬らこ【歌枠切り抜き】,https://www.youtube.com/watch?v=wnhOESFBuws
わたしのアール / 音ノ瀬らこ【歌枠切り抜き】,https://www.youtube.com/watch?v=xNkY_nsd8nY
ハロ／ハワユ / 音ノ瀬らこ【歌枠切り抜き】,https://www.youtube.com/watch?v=G8mheatBSc0
ハイドアンド・シーク / 音ノ瀬らこ【歌枠切り抜き】,https://www.youtube.com/watch?v=GUq6OBicW_U
ニア / 音ノ瀬らこ【歌枠切り抜き】,https://www.youtube.com/watch?v=KgMuuzsrTsA
ツキミソウ / 音ノ瀬らこ【歌枠切り抜き】,https://www.youtube.com/watch?v=WmKg0xoOJUM
それがあなたの幸せとしても / 音ノ瀬らこ【歌枠切り抜き】,https://www.youtube.com/watch?v=5IDwOwQIq34
ケッペキショウ / 音ノ瀬らこ【歌枠切り抜き】,https://www.youtube.com/watch?v=e78FZFoHBjk
クライヤ / 音ノ瀬らこ【歌枠切り抜き】,https://www.youtube.com/watch?v=8swOoCaVgTM
アンノウン・マザーグース / 音ノ瀬らこ【歌枠切り抜き】,https://www.youtube.com/watch?v=_-iogX4B7w0
アイロニ / 音ノ瀬らこ【歌枠切り抜き】,https://www.youtube.com/watch?v=k9eUDVkPNlA
幽霊東京 / 音ノ瀬らこ【歌枠切り抜き】,https://www.youtube.com/watch?v=fBNacTAgeSU
夜明けと蛍 / 音ノ瀬らこ【歌枠切り抜き】,https://www.youtube.com/watch?v=673sP3q0TB0
如月アテンション / 音ノ瀬らこ【歌枠切り抜き】,https://www.youtube.com/watch?v=AKfL1f34Tuo
地球最後の告白を / 音ノ瀬らこ【歌枠切り抜き】,https://www.youtube.com/watch?v=9px5HN3bCGc
ルカルカ★ナイトフィーバー / 音ノ瀬らこ【歌枠切り抜き】,https://www.youtube.com/watch?v=zgK2mhWGHvU
モニタリング / 音ノ瀬らこ【歌枠切り抜き】,https://www.youtube.com/watch?v=_lAFwjS9E0Q
ベノム / 音ノ瀬らこ【歌枠切り抜き】,https://www.youtube.com/watch?v=KxAlPk9WjSY
プライド革命 / 音ノ瀬らこ【歌枠切り抜き】,https://www.youtube.com/watch?v=x73LTwqvB4I
ノンブレス・オブリージュ / 音ノ瀬らこ【歌枠切り抜き】,https://www.youtube.com/watch?v=XClKFxg60zk
フォニイ / 音ノ瀬らこ【歌枠切り抜き】,https://www.youtube.com/watch?v=DCQhEQW_a_A
ダーリンダンス / 音ノ瀬らこ【歌枠切り抜き】,https://www.youtube.com/watch?v=M7ovOSRRwJo
シュガーソングとビターステップ / 音ノ瀬らこ【歌枠切り抜き】,https://www.youtube.com/watch?v=RdonauEe-tE
サイレントマジョリティー / 音ノ瀬らこ【歌枠切り抜き】,https://www.youtube.com/watch?v=uoJJmps_HnU
アンノウン・マザーグース / 音ノ瀬らこ【歌枠切り抜き】,https://www.youtube.com/watch?v=btF05HYBoWk
G4L / 音ノ瀬らこ【歌枠切り抜き】,https://www.youtube.com/watch?v=lGY4tiSyaME
ルマ / 音ノ瀬らこ【歌枠切り抜き】,https://www.youtube.com/watch?v=DINg7ayzANM
名前のない怪物 / 音ノ瀬らこ【歌枠切り抜き】,https://www.youtube.com/watch?v=ND4pb05rJFc
群青 / 音ノ瀬らこ【歌枠切り抜き】,https://www.youtube.com/watch?v=TSJsf-feX0k
転生林檎 / 音ノ瀬らこ【歌枠切り抜き】,https://www.youtube.com/watch?v=RPp7lWd4AJY
唱 / 音ノ瀬らこ【歌枠切り抜き】,https://www.youtube.com/watch?v=11skv7KrMf8
残響散歌 / 音ノ瀬らこ【歌枠切り抜き】,https://www.youtube.com/watch?v=zSTKdKOo7c0
春泥棒 / 音ノ瀬らこ【歌枠切り抜き】,https://www.youtube.com/watch?v=LuCBYz8940A
怪物 / 音ノ瀬らこ【歌枠切り抜き】,https://www.youtube.com/watch?v=ZlOA2AvJLUU
夜明けと蛍 / 音ノ瀬らこ【歌枠切り抜き】,https://www.youtube.com/watch?v=pRC56MAM6r0
ロミオとシンデレラ / 音ノ瀬らこ【歌枠切り抜き】,https://www.youtube.com/watch?v=GP-lCPxEkRY
ロウワー / 音ノ瀬らこ【歌枠切り抜き】,https://www.youtube.com/watch?v=CIwyYPcxTEs
レディメイド / 音ノ瀬らこ【歌枠切り抜き】,https://www.youtube.com/watch?v=uq8-OKMOLGc
モニタリング / 音ノ瀬らこ【歌枠切り抜き】,https://www.youtube.com/watch?v=jxVQQ4DeuJ4
ヒッチコック / 音ノ瀬らこ【歌枠切り抜き】,https://www.youtube.com/watch?v=2RAi8N3nLtg
シル・ヴ・プレジデント / 音ノ瀬らこ【歌枠切り抜き】,https://www.youtube.com/watch?v=Cer0HUkCx1w
カワキヲアメク / 音ノ瀬らこ【歌枠切り抜き】,https://www.youtube.com/watch?v=15MmfvvfauU
からくりピエロ / 音ノ瀬らこ【歌枠切り抜き】,https://www.youtube.com/watch?v=PPwLTPeJplA
アンノウン・マザーグース / 音ノ瀬らこ【歌枠切り抜き】,https://www.youtube.com/watch?v=_89E5HoBZng
あなたの夜が明けるまで / 音ノ瀬らこ【歌枠切り抜き】,https://www.youtube.com/watch?v=_nuCszyNXK4
アタシは問題作 / 音ノ瀬らこ【歌枠切り抜き】,https://www.youtube.com/watch?v=Qn3L6kTroa0
Mela! / 音ノ瀬らこ【歌枠切り抜き】,https://www.youtube.com/watch?v=jbU5ghHJtZE
G4L / 音ノ瀬らこ【歌枠切り抜き】,https://www.youtube.com/watch?v=aYMf-7GN3u8
Bunny Girl / 音ノ瀬らこ【歌枠切り抜き】,https://www.youtube.com/watch?v=Bl41JgSWX5k
366日 / 音ノ瀬らこ【歌枠切り抜き】,https://www.youtube.com/watch?v=euDOAKo5JrY
ヒバナ / 音ノ瀬らこ【歌枠切り抜き】,https://www.youtube.com/watch?v=6E-623G9J48
悪魔の子 / 音ノ瀬らこ【歌枠切り抜き】,https://www.youtube.com/watch?v=pBoTd_rHxig
泥中に咲く / 音ノ瀬らこ【歌枠切り抜き】,https://www.youtube.com/watch?v=eSQydVrOfjg
夜明けと蛍 / 音ノ瀬らこ【歌枠切り抜き】,https://www.youtube.com/watch?v=Jz1nySmEbTw
心という名の不可解 / 音ノ瀬らこ【歌枠切り抜き】,https://www.youtube.com/watch?v=ZsND-Ah012w
モニタリング / 音ノ瀬らこ【歌枠切り抜き】,https://www.youtube.com/watch?v=Uzkm6_7nE2w
アンノウン・マザーグース / 音ノ瀬らこ【歌枠切り抜き】,https://www.youtube.com/watch?v=pK-pTTmeoGI
Stellar Stellar / 音ノ瀬らこ【歌枠切り抜き】,https://www.youtube.com/watch?v=wMHkfMHYDt0
POP IN 2 / 音ノ瀬らこ【歌枠切り抜き】,https://www.youtube.com/watch?v=FgU7mPFiLZE
踊 / 音ノ瀬らこ【歌枠切り抜き】,https://www.youtube.com/watch?v=OXN9hpxoZeg
【ショタ】ピースサイン / 音ノ瀬らこ【歌枠切り抜き】,https://www.youtube.com/watch?v=fqURcyICe74
【ショタ】地球最後の告白を / 音ノ瀬らこ【歌枠切り抜き】,https://www.youtube.com/watch?v=NxR1O5v86dY
【天然水】フォニイ / 音ノ瀬らこ【歌枠切り抜き】,https://www.youtube.com/watch?v=9JEaESA73GE
【天然水】あなたの夜が明けるまで / 音ノ瀬らこ【歌枠切り抜き】,https://www.youtube.com/watch?v=gkwlWy-G924
【お姉さん】オトナブルー / 音ノ瀬らこ【歌枠切り抜き】,https://www.youtube.com/watch?v=HorY_fAhlAU
【お姉さん】吉原ラメント / 音ノ瀬らこ【歌枠切り抜き】,https://www.youtube.com/watch?v=gWL7PoxgFhw
【ハムボ】シル・ヴ・プレジデント / 音ノ瀬らこ【歌枠切り抜き】,https://www.youtube.com/watch?v=vKjXp1a1y7A
【ハムボ】ハム太郎とっとこうた / 音ノ瀬らこ【歌枠切り抜き】,https://www.youtube.com/watch?v=ptofY4Bb2jc
【カワボ】わたしの一番かわいいところ / 音ノ瀬らこ【歌枠切り抜き】,https://www.youtube.com/watch?v=Zs6HPuPezW4
【カワボ】可愛くてごめん / 音ノ瀬らこ【歌枠切り抜き】,https://www.youtube.com/watch?v=VE58HVoFR3o
【イケボ】Bunny Girl / 音ノ瀬らこ【歌枠切り抜き】,https://www.youtube.com/watch?v=RbdO01Tb8Pc
【イケボ】砂の惑星 / 音ノ瀬らこ【歌枠切り抜き】,https://www.youtube.com/watch?v=y-6tSBeAtCU
【アニメ声】テレパシ / 音ノ瀬らこ【歌枠切り抜き】,https://www.youtube.com/watch?v=f2WIHchVLwI
【アニメ声】グッバイ宣言 / 音ノ瀬らこ【歌枠切り抜き】,https://www.youtube.com/watch?v=apePfCtQToU
だから僕は音楽を辞めた / 音ノ瀬らこ【歌枠切り抜き】,https://www.youtube.com/watch?v=YVGbaN2MFJ0
転生林檎 / 音ノ瀬らこ【歌枠切り抜き】,https://www.youtube.com/watch?v=ZpQNsNs7VGc
悪魔の子 / 音ノ瀬らこ【歌枠切り抜き】,https://www.youtube.com/watch?v=TSF3FGkcsXE
唱 / 音ノ瀬らこ【歌枠切り抜き】,https://www.youtube.com/watch?v=GTdiB3ojxkU
秒針を噛む / 音ノ瀬らこ【歌枠切り抜き】,https://www.youtube.com/watch?v=TyScQLaK_sg
春泥棒 / 音ノ瀬らこ【歌枠切り抜き】,https://www.youtube.com/watch?v=VEgCF4cmiII
星座になれたら / 音ノ瀬らこ【歌枠切り抜き】,https://www.youtube.com/watch?v=t8w-C6wHb2M
青と夏 / 音ノ瀬らこ【歌枠切り抜き】,https://www.youtube.com/watch?v=dZlYHYG6RPs
花になって / 音ノ瀬らこ【歌枠切り抜き】,https://www.youtube.com/watch?v=l6SSiTe8Vt4
夜明けと蛍 / 音ノ瀬らこ【歌枠切り抜き】,https://www.youtube.com/watch?v=V9HBp2B1NVk
モニタリング / 音ノ瀬らこ【歌枠切り抜き】,https://www.youtube.com/watch?v=blZITDQHLQk
フォニイ / 音ノ瀬らこ【歌枠切り抜き】,https://www.youtube.com/watch?v=1ooxV442R0k
カワキヲアメク / 音ノ瀬らこ【歌枠切り抜き】,https://www.youtube.com/watch?v=XwItDDbC5_k
UNDEAD / 音ノ瀬らこ【歌枠切り抜き】,https://www.youtube.com/watch?v=3rwGhbucU9o
Mela! / 音ノ瀬らこ【歌枠切り抜き】,https://www.youtube.com/watch?v=ukDDEcu0lmo
Mela! / 音ノ瀬らこ【歌枠切り抜き】,https://www.youtube.com/watch?v=yp5fSM3yTPM
永遠のあくる日 / 音ノ瀬らこ【歌枠切り抜き】,https://www.youtube.com/watch?v=SXIq5AjTfEg
ヒッチコック / 音ノ瀬らこ【歌枠切り抜き】,https://www.youtube.com/watch?v=XiGi-LhTtWA
それがあなたの幸せとしても / 音ノ瀬らこ【歌枠切り抜き】,https://www.youtube.com/watch?v=Df1jyj0AOC8
カブトムシ / 音ノ瀬らこ【歌枠切り抜き】,https://www.youtube.com/watch?v=JXP9WkaC_uc
あなたの夜が明けるまで / 音ノ瀬らこ【歌枠切り抜き】,https://www.youtube.com/watch?v=EUO4XGCExgM
Ghost of a Smile / 音ノ瀬らこ【歌枠切り抜き】,https://www.youtube.com/watch?v=_MWFX312G0Y
贖罪 / 音ノ瀬らこ【歌枠切り抜き】,https://www.youtube.com/watch?v=fn5k5P3RmYI
曖昧劣情Lover / 音ノ瀬らこ【歌枠切り抜き】,https://www.youtube.com/watch?v=rucqlotvoMk
脳裏上のクラッカー / 音ノ瀬らこ【歌枠切り抜き】,https://www.youtube.com/watch?v=4w8z0oRB2OM
星座になれたら / 音ノ瀬らこ【歌枠切り抜き】,https://www.youtube.com/watch?v=jaJJQLFQqzM
雨とカプチーノ / 音ノ瀬らこ【歌枠切り抜き】,https://www.youtube.com/watch?v=ZG_wzCOvO5w
夜明けと蛍 / 音ノ瀬らこ【歌枠切り抜き】,https://www.youtube.com/watch?v=RzaTABQWFA0
君の為のキミノウタ / 音ノ瀬らこ【歌枠切り抜き】,https://www.youtube.com/watch?v=jg4ZrI1IXy8
名前のない怪物 / 音ノ瀬らこ【歌枠切り抜き】,https://www.youtube.com/watch?v=OwjH1CiJtmU
脳裏上のクラッカー / 音ノ瀬らこ【歌枠切り抜き】,https://www.youtube.com/watch?v=Ugx1ZQh43K4
唱 / 音ノ瀬らこ【歌枠切り抜き】,https://www.youtube.com/watch?v=jTy7W6G4y7U
残響散歌 / 音ノ瀬らこ【歌枠切り抜き】,https://www.youtube.com/watch?v=iN0FI_v5vgo
星座になれたら / 音ノ瀬らこ【歌枠切り抜き】,https://www.youtube.com/watch?v=QULDZEB5J1s
雨とペトラ / 音ノ瀬らこ【歌枠切り抜き】,https://www.youtube.com/watch?v=Kfepdx8UlSg
夜明けと蛍 / 音ノ瀬らこ【歌枠切り抜き】,https://www.youtube.com/watch?v=lbX5pC2VZVc
心という名の不可解 / 音ノ瀬らこ【歌枠切り抜き】,https://www.youtube.com/watch?v=V_vYeleyj5g
ワールドイズマイン / 音ノ瀬らこ【歌枠切り抜き】,https://www.youtube.com/watch?v=WUelYn9dues
メフィスト / 音ノ瀬らこ【歌枠切り抜き】,https://www.youtube.com/watch?v=_2NnS5A50kw
ファタール / 音ノ瀬らこ【歌枠切り抜き】,https://www.youtube.com/watch?v=56j_fNBSAes
ピースサイン / 音ノ瀬らこ【歌枠切り抜き】,https://www.youtube.com/watch?v=N1vt_V5ApO4
ノンブレス・オブリージュ / 音ノ瀬らこ【歌枠切り抜き】,https://www.youtube.com/watch?v=icnHaZXAF4I
God Knows… / 音ノ瀬らこ【歌枠切り抜き】,https://www.youtube.com/watch?v=BWAuO-deXkE
シャルル / 音ノ瀬らこ【歌枠切り抜き】,https://www.youtube.com/watch?v=ntYe7vrX63s
サインはB / 音ノ瀬らこ【歌枠切り抜き】,https://www.youtube.com/watch?v=ZZtcHhb17k0
Stellar Stellar / 音ノ瀬らこ【歌枠切り抜き】,https://www.youtube.com/watch?v=VjvmK7SeD0o
Henceforth / 音ノ瀬らこ【歌枠切り抜き】,https://www.youtube.com/watch?v=PEJE3ovjcNw
Calc. / 音ノ瀬らこ【歌枠切り抜き】,https://www.youtube.com/watch?v=FD4TRtUmcY8
115万キロのフィルム / 音ノ瀬らこ【歌枠切り抜き】,https://www.youtube.com/watch?v=DU2u41pJ9OA
愛包ダンスホール / 音ノ瀬らこ【歌枠切り抜き】,https://www.youtube.com/watch?v=V6X4cVll7Ug
絶頂讃歌 / 音ノ瀬らこ【歌枠切り抜き】,https://www.youtube.com/watch?v=VwXsdgdTrOI
泥中に咲く / 音ノ瀬らこ【歌枠切り抜き】,https://www.youtube.com/watch?v=GVP7k-DDPF8
夜明けと蛍 / 音ノ瀬らこ【歌枠切り抜き】,https://www.youtube.com/watch?v=KthaUzW2Ib4
名前のない怪物 / 音ノ瀬らこ【歌枠切り抜き】,https://www.youtube.com/watch?v=l3IhwTxAQ24
心という名の不可解 / 音ノ瀬らこ【歌枠切り抜き】,https://www.youtube.com/watch?v=SDsghcZ6qWA
ロミオとシンデレラ / 音ノ瀬らこ【歌枠切り抜き】,https://www.youtube.com/watch?v=QvywrcJyq38
群青 / 音ノ瀬らこ【歌枠切り抜き】,https://www.youtube.com/watch?v=xhKZ9dipYCo
祝福 / 音ノ瀬らこ【歌枠切り抜き】,https://www.youtube.com/watch?v=0nL12Ajw4pI
残響散歌 / 音ノ瀬らこ【歌枠切り抜き】,https://www.youtube.com/watch?v=1zLxuffb8M0
ハオ / 音ノ瀬らこ【歌枠切り抜き】,https://www.youtube.com/watch?v=4bKOeYfBfzI
永遠のあくる日 / 音ノ瀬らこ【歌枠切り抜き】,https://www.youtube.com/watch?v=PZZA2Zcmy-Q
抜錨 / 音ノ瀬らこ【歌枠切り抜き】,https://www.youtube.com/watch?v=26P8lFL4-O4
夜明けと蛍 / 音ノ瀬らこ【歌枠切り抜き】,https://www.youtube.com/watch?v=bDgkTLmaBY8
Mela! / 音ノ瀬らこ【歌枠切り抜き】,https://www.youtube.com/watch?v=q7wfhG--SYs
夜明けと蛍 / 音ノ瀬らこ【歌枠切り抜き】,https://www.youtube.com/watch?v=BpTQlYXgu7o
魔法少女とチョコレゐト / 音ノ瀬らこ【歌枠切り抜き】,https://www.youtube.com/watch?v=bOHi1RTPn1E
弱虫モンブラン / 音ノ瀬らこ【歌枠切り抜き】,https://www.youtube.com/watch?v=bkqK0R0Maf4
私は最強 / 音ノ瀬らこ【歌枠切り抜き】,https://www.youtube.com/watch?v=Ofs1XTh9dbk
名前のない怪物 / 音ノ瀬らこ【歌枠切り抜き】,https://www.youtube.com/watch?v=6E5KSQCXJ9c
ただ君に晴れ / 音ノ瀬らこ【歌枠切り抜き】,https://www.youtube.com/watch?v=YA9wb9qBuDk
ウミユリ海底譚 / 音ノ瀬らこ【歌枠切り抜き】,https://www.youtube.com/watch?v=DN7e7iKPdZ0
あなたの夜が明けるまで / 音ノ瀬らこ【歌枠切り抜き】,https://www.youtube.com/watch?v=n_Hif3MaaNU
DAYBREAK FRONTLINE / 音ノ瀬らこ【歌枠切り抜き】,https://www.youtube.com/watch?v=DQmcgNlZRBg
拝啓、少年よ / 音ノ瀬らこ【歌枠切り抜き】,https://www.youtube.com/watch?v=CX3OWmeZg6c
怪物 / 音ノ瀬らこ【歌枠切り抜き】,https://www.youtube.com/watch?v=XavYjWMUpCI
レディメイド / 音ノ瀬らこ【歌枠切り抜き】,https://www.youtube.com/watch?v=hv_dtdQieTw
ハオ / 音ノ瀬らこ【歌枠切り抜き】,https://www.youtube.com/watch?v=16LbNnKXTCg
シャルル / 音ノ瀬らこ【歌枠切り抜き】,https://www.youtube.com/watch?v=x_noU27lC6k
シカ色デイズ / 音ノ瀬らこ【歌枠切り抜き】,https://www.youtube.com/watch?v=-1PYtiCtvJQ
POP IN 2 / 音ノ瀬らこ【歌枠切り抜き】,https://www.youtube.com/watch?v=c6vZA1ICfbo
Bunny Girl / 音ノ瀬らこ【歌枠切り抜き】,https://www.youtube.com/watch?v=vnSe9dy4ILo
藍二乗 / 音ノ瀬らこ【歌枠切り抜き】,https://www.youtube.com/watch?v=Fne9VetrzGo
残響散歌 / 音ノ瀬らこ【歌枠切り抜き】,https://www.youtube.com/watch?v=IHB0-vDmUqo
阿修羅ちゃん / 音ノ瀬らこ【歌枠切り抜き】,https://www.youtube.com/watch?v=m2HVWUgkNjw
ロウワー / 音ノ瀬らこ【歌枠切り抜き】,https://www.youtube.com/watch?v=I-xD6LwOZq8
レディメイド / 音ノ瀬らこ【歌枠切り抜き】,https://www.youtube.com/watch?v=9qftWOEUgsQ
メフィスト / 音ノ瀬らこ【歌枠切り抜き】,https://www.youtube.com/watch?v=m8sbwH9abgw
ドーナツホール / 音ノ瀬らこ【歌枠切り抜き】,https://www.youtube.com/watch?v=ILk53yEoH9I
カワキヲアメク / 音ノ瀬らこ【歌枠切り抜き】,https://www.youtube.com/watch?v=rUvz_wY5cno
からくりピエロ / 音ノ瀬らこ【歌枠切り抜き】,https://www.youtube.com/watch?v=hJMBWR9AGEU
ヴァンパイア / 音ノ瀬らこ【歌枠切り抜き】,https://www.youtube.com/watch?v=rtlRU86Rb1k
Tot Musica / 音ノ瀬らこ【歌枠切り抜き】,https://www.youtube.com/watch?v=SPwBBfrtDaM
悪魔の子 / 音ノ瀬らこ【歌枠切り抜き】,https://www.youtube.com/watch?v=W1w04P1vOQ4
藍二乗 / 音ノ瀬らこ【歌枠切り抜き】,https://www.youtube.com/watch?v=5KTzcePpE_k
踊 / 音ノ瀬らこ【歌枠切り抜き】,https://www.youtube.com/watch?v=_YTQ9yCqtzc
転生林檎 / 音ノ瀬らこ【歌枠切り抜き】,https://www.youtube.com/watch?v=0GUyPE0cCNI
秒針を噛む / 音ノ瀬らこ【歌枠切り抜き】,https://www.youtube.com/watch?v=Q3VF8Osed-0
砂の惑星 / 音ノ瀬らこ【歌枠切り抜き】,https://www.youtube.com/watch?v=OmnkDQNFc0I
地球最後の告白を / 音ノ瀬らこ【歌枠切り抜き】,https://www.youtube.com/watch?v=H_T2Aa7Yeow
夜明けと蛍 / 音ノ瀬らこ【歌枠切り抜き】,https://www.youtube.com/watch?v=7tyCU1ngRzY
ロウワー / 音ノ瀬らこ【歌枠切り抜き】,https://www.youtube.com/watch?v=0DaTmC3Br6c
フォニイ / 音ノ瀬らこ【歌枠切り抜き】,https://www.youtube.com/watch?v=y1v51R3kX6Y
魔法少女とチョコレゐト / 音ノ瀬らこ【歌枠切り抜き】,https://www.youtube.com/watch?v=OlOJcFZzwNU
【アカペラバラード】僕が夢を捨てて大人になるまで / 音ノ瀬らこ【歌枠切り抜き】,https://www.youtube.com/watch?v=hQ3OCI4cHk0
【アカペラバラード】晩餐歌 / 音ノ瀬らこ【歌枠切り抜き】,https://www.youtube.com/watch?v=o20f9JR2gJI
【アカペラバラード】深海少女 / 音ノ瀬らこ【歌枠切り抜き】,https://www.youtube.com/watch?v=h8ZvAxqzfB4
【アカペラバラード】波に名前をつけること、僕らの呼吸に終わりがあること。 / 音ノ瀬らこ【歌枠切り抜き】,https://www.youtube.com/watch?v=PyS3nIUXsoE
【アカペラバラード】夜明けと蛍 / 音ノ瀬らこ【歌枠切り抜き】,https://www.youtube.com/watch?v=qKcdJy6FOgg
【アカペラバラード】夜明けと蛍 / 音ノ瀬らこ【歌枠切り抜き】,https://www.youtube.com/watch?v=OJ9JEx285sU
【アカペラバラード】声 / 音ノ瀬らこ【歌枠切り抜き】,https://www.youtube.com/watch?v=WEd0n1qz754
【アカペラバラード】生きる / 音ノ瀬らこ【歌枠切り抜き】,https://www.youtube.com/watch?v=mhSE79rVECQ
【アカペラバラード】心做し / 音ノ瀬らこ【歌枠切り抜き】,https://www.youtube.com/watch?v=pLVsvl0so0I
【アカペラバラード】天ノ弱 / 音ノ瀬らこ【歌枠切り抜き】,https://www.youtube.com/watch?v=6PtkYa1teD4
【アカペラバラード】人工呼吸 / 音ノ瀬らこ【歌枠切り抜き】,https://www.youtube.com/watch?v=4m1ogSeMr4M
【アカペラバラード】モニタリング / 音ノ瀬らこ【歌枠切り抜き】,https://www.youtube.com/watch?v=xDJ1vjvrS90
【アカペラバラード】メズマライザー / 音ノ瀬らこ【歌枠切り抜き】,https://www.youtube.com/watch?v=ov0AOLMzV0M
【アカペラバラード】ドーナツホール / 音ノ瀬らこ【歌枠切り抜き】,https://www.youtube.com/watch?v=C_xGhXunr-w
【アカペラバラード】テトリス / 音ノ瀬らこ【歌枠切り抜き】,https://www.youtube.com/watch?v=m07eKHaZKyE
【アカペラバラード】クライヤ / 音ノ瀬らこ【歌枠切り抜き】,https://www.youtube.com/watch?v=ocoAx2HsUwI
【アカペラバラード】あなたの夜が明けるまで / 音ノ瀬らこ【歌枠切り抜き】,https://www.youtube.com/watch?v=olEeHIjaljk
【アカペラバラード】Dear.  Mr「F」 / 音ノ瀬らこ【歌枠切り抜き】,https://www.youtube.com/watch?v=2EDyjk0TFVs
【アカペラバラード】15歳の主張 / 音ノ瀬らこ【歌枠切り抜き】,https://www.youtube.com/watch?v=Hu1Due3JL3o
【アカペラバラード】 君の為のキミノウタ / 音ノ瀬らこ【歌枠切り抜き】,https://www.youtube.com/watch?v=GX5-cQFFqFs
【アカペラバラード】 君の為のキミノウタ / 音ノ瀬らこ【歌枠切り抜き】,https://www.youtube.com/watch?v=zZNEoahvu-k
脳裏上のクラッカー / 音ノ瀬らこ【歌枠切り抜き】,https://www.youtube.com/watch?v=uCjghsObkE0
神っぽいな / 音ノ瀬らこ【歌枠切り抜き】,https://www.youtube.com/watch?v=zHZej95QzP0
秒針を噛む / 音ノ瀬らこ【歌枠切り抜き】,https://www.youtube.com/watch?v=raiUL34Hcbg
花の塔 / 音ノ瀬らこ【歌枠切り抜き】,https://www.youtube.com/watch?v=MTkQ7P6irVY
夜明けと蛍 / 音ノ瀬らこ【歌枠切り抜き】,https://www.youtube.com/watch?v=IGsHP4f-89E
私は最強 / 音ノ瀬らこ【歌枠切り抜き】,https://www.youtube.com/watch?v=QSAN-75tHf4
抜錨 / 音ノ瀬らこ【歌枠切り抜き】,https://www.youtube.com/watch?v=OIT_bdDIR3o
六兆年と一夜物語 / 音ノ瀬らこ【歌枠切り抜き】,https://www.youtube.com/watch?v=eZbmysLL9zU
ヒッチコック / 音ノ瀬らこ【歌枠切り抜き】,https://www.youtube.com/watch?v=cTobeQZxtfs
からくりピエロ / 音ノ瀬らこ【歌枠切り抜き】,https://www.youtube.com/watch?v=rPj8dUDP1SQ
春泥棒 / 音ノ瀬らこ【歌枠切り抜き】,https://www.youtube.com/watch?v=LPJN8tT9-Lk
ロストワンの号哭 / 音ノ瀬らこ【歌枠切り抜き】,https://www.youtube.com/watch?v=ABWiOX8NRic
ウミユリ海底譚 / 音ノ瀬らこ【歌枠切り抜き】,https://www.youtube.com/watch?v=NbPUpWaKL2Q
UNDEAD / 音ノ瀬らこ【歌枠切り抜き】,https://www.youtube.com/watch?v=vygMd6x1BtQ
秒針を噛む / 音ノ瀬らこ【歌枠切り抜き】,https://www.youtube.com/watch?v=yVrf4P4x3Dc
砂の惑星 / 音ノ瀬らこ【歌枠切り抜き】,https://www.youtube.com/watch?v=xapD3mIGI5M
夜明けと蛍 / 音ノ瀬らこ【歌枠切り抜き】,https://www.youtube.com/watch?v=l0PfpvlATvk
言って。 / 音ノ瀬らこ【歌枠切り抜き】,https://www.youtube.com/watch?v=7JyVlpqj2KY
抜錨 / 音ノ瀬らこ【歌枠切り抜き】,https://www.youtube.com/watch?v=isXalcosYLg
君はロックを聴かない / 音ノ瀬らこ【歌枠切り抜き】,https://www.youtube.com/watch?v=5VA3pUhL1O8
ロミオとシンデレラ / 音ノ瀬らこ【歌枠切り抜き】,https://www.youtube.com/watch?v=joLhy3cccbw
シャルル / 音ノ瀬らこ【歌枠切り抜き】,https://www.youtube.com/watch?v=hfKMYUm-uTE
いかないで / 音ノ瀬らこ【歌枠切り抜き】,https://www.youtube.com/watch?v=7bRgJxcvN5Y
UNDEAD / 音ノ瀬らこ【歌枠切り抜き】,https://www.youtube.com/watch?v=nGGQ7SzSXrI
愛を伝えたいだとか / 音ノ瀬らこ【歌枠切り抜き】,https://www.youtube.com/watch?v=15psjsMiqL8
魔法の絨毯 / 音ノ瀬らこ【歌枠切り抜き】,https://www.youtube.com/watch?v=AkgPGbSd4qs
愛して愛して愛して / 音ノ瀬らこ【歌枠切り抜き】,https://www.youtube.com/watch?v=cr-1QNSRcZA
晩餐歌 / 音ノ瀬らこ【歌枠切り抜き】,https://www.youtube.com/watch?v=_ksRgkHby-k
春泥棒 / 音ノ瀬らこ【歌枠切り抜き】,https://www.youtube.com/watch?v=vMztB9_cQJ8
花の塔 / 音ノ瀬らこ【歌枠切り抜き】,https://www.youtube.com/watch?v=7RiMYsV6mRY
贖罪 / 音ノ瀬らこ【歌枠切り抜き】,https://www.youtube.com/watch?v=vSceS048Wq8
シンデレラボーイ / 音ノ瀬らこ【歌枠切り抜き】,https://www.youtube.com/watch?v=68Lt34ychR4
からくりピエロ / 音ノ瀬らこ【歌枠切り抜き】,https://www.youtube.com/watch?v=K5Vis28lkvk
あなたの夜が明けるまで / 音ノ瀬らこ【歌枠切り抜き】,https://www.youtube.com/watch?v=1TBrkh6UEGE
明日への手紙 / 音ノ瀬らこ【歌枠切り抜き】,https://www.youtube.com/watch?v=jhefreCEm6U
夜明けと蛍 / 音ノ瀬らこ【歌枠切り抜き】,https://www.youtube.com/watch?v=73RZ9mvdF74
モニタリング / 音ノ瀬らこ【歌枠切り抜き】,https://www.youtube.com/watch?v=bOecdbOwbzs
心拍数♯0822 / 音ノ瀬らこ【歌枠切り抜き】,https://www.youtube.com/watch?v=1eSAlnqIZb4
ヒッチコック / 音ノ瀬らこ【歌枠切り抜き】,https://www.youtube.com/watch?v=5mqU51m0Cmc
ハロ／ハワユ / 音ノ瀬らこ【歌枠切り抜き】,https://www.youtube.com/watch?v=jEBEfMCGKAw
ドライフラワー / 音ノ瀬らこ【歌枠切り抜き】,https://www.youtube.com/watch?v=_fqG30E0iRg
たばこ / 音ノ瀬らこ【歌枠切り抜き】,https://www.youtube.com/watch?v=HC61azHG6Ps
だから僕は音楽を辞めた / 音ノ瀬らこ【歌枠切り抜き】,https://www.youtube.com/watch?v=0vm90WqOQ1U
ずうっといっしょ！ / 音ノ瀬らこ【歌枠切り抜き】,https://www.youtube.com/watch?v=XMFAMDHUZNI
Stellar Stellar / 音ノ瀬らこ【歌枠切り抜き】,https://www.youtube.com/watch?v=GS6FgyDkGUU
心做し / 音ノ瀬らこ【歌枠切り抜き】,https://www.youtube.com/watch?v=cfj0zw1s1eU
絶頂讃歌 / 音ノ瀬らこ【歌枠切り抜き】,https://www.youtube.com/watch?v=CYpvhnwneyE
雨とカプチーノ / 音ノ瀬らこ【歌枠切り抜き】,https://www.youtube.com/watch?v=KwYfnkk13mA
怪獣の花唄 / 音ノ瀬らこ【歌枠切り抜き】,https://www.youtube.com/watch?v=-6RWXMtZW_I
永遠のあくる日 / 音ノ瀬らこ【歌枠切り抜き】,https://www.youtube.com/watch?v=HeuMs0v0HGA
心拍数♯0822 / 音ノ瀬らこ【歌枠切り抜き】,https://www.youtube.com/watch?v=G6d9Fd9_tbY
わたしのアール / 音ノ瀬らこ【歌枠切り抜き】,https://www.youtube.com/watch?v=oATF8TqhFJI
モニタリング / 音ノ瀬らこ【歌枠切り抜き】,https://www.youtube.com/watch?v=xa14xQw-cJQ
ドーナツホール / 音ノ瀬らこ【歌枠切り抜き】,https://www.youtube.com/watch?v=9ysa3E3G63c
それがあなたの幸せとしても / 音ノ瀬らこ【歌枠切り抜き】,https://www.youtube.com/watch?v=0R5CNFi5XLA
ずうっといっしょ！ / 音ノ瀬らこ【歌枠切り抜き】,https://www.youtube.com/watch?v=ED7l_1dtN9M
アンノウン・マザーグース / 音ノ瀬らこ【歌枠切り抜き】,https://www.youtube.com/watch?v=JvP53sgVlEs
YELL / 音ノ瀬らこ【歌枠切り抜き】,https://www.youtube.com/watch?v=028j8kZvBDc
藍二乗 / 音ノ瀬らこ【歌枠切り抜き】,https://www.youtube.com/watch?v=2z9l1NVSVig
CITRUS / 音ノ瀬らこ【歌枠切り抜き】,https://www.youtube.com/watch?v=ukKwfsq3hT8
悪魔の子 / 音ノ瀬らこ【歌枠切り抜き】,https://www.youtube.com/watch?v=dTWT75isOh8
春泥棒 / 音ノ瀬らこ【歌枠切り抜き】,https://www.youtube.com/watch?v=bjuJXzGAD0E
レディメイド / 音ノ瀬らこ【歌枠切り抜き】,https://www.youtube.com/watch?v=3Q8Xt6wVa9Y
花の塔 / 音ノ瀬らこ【歌枠切り抜き】,https://www.youtube.com/watch?v=BKkIqUbB3w8
モニタリング / 音ノ瀬らこ【歌枠切り抜き】,https://www.youtube.com/watch?v=LNTzVxE7aZw
シャルル / 音ノ瀬らこ【歌枠切り抜き】,https://www.youtube.com/watch?v=UsBRoZ5cNvM
アスノヨゾラ哨戒班 / 音ノ瀬らこ【歌枠切り抜き】,https://www.youtube.com/watch?v=IBq4AuvlAu4
UNDEAD / 音ノ瀬らこ【歌枠切り抜き】,https://www.youtube.com/watch?v=Dt1q1HrYcow
POP IN 2 / 音ノ瀬らこ【歌枠切り抜き】,https://www.youtube.com/watch?v=a4IbSEkyiSA
贖罪 / 音ノ瀬らこ【歌枠切り抜き】,https://www.youtube.com/watch?v=dTkPPXxaYuM
デモーニッシュ / 音ノ瀬らこ【歌枠切り抜き】,https://www.youtube.com/watch?v=JZxQcgthiaw
デイバイデイズ / 音ノ瀬らこ【歌枠切り抜き】,https://www.youtube.com/watch?v=52CCxCRyANw
モニタリング【通常ver. 】 / 音ノ瀬らこ【歌枠切り抜き】,https://www.youtube.com/watch?v=kgZ0ADSX7lc
フォニイ【歌い手グループ】 / 音ノ瀬らこ【歌枠切り抜き】,https://www.youtube.com/watch?v=wqK6HqGvg5o
フォニイ【通常ver. 】 / 音ノ瀬らこ【歌枠切り抜き】,https://www.youtube.com/watch?v=9UMBCcOrvPQ
アスノヨゾラ哨戒班【段々キーが上がる－4~＋10】 / 音ノ瀬らこ【歌枠切り抜き】,https://www.youtube.com/watch?v=ShxQzAUBwtk
UNDEAD【通常ver. 】 / 音ノ瀬らこ【歌枠切り抜き】,https://www.youtube.com/watch?v=_lCMQEu2vu4
UNDEAD【キー上げ下げ】 / 音ノ瀬らこ【歌枠切り抜き】,https://www.youtube.com/watch?v=tPQ1z-aoFd0
POP IN 2【歌い手グループ】 / 音ノ瀬らこ【歌枠切り抜き】,https://www.youtube.com/watch?v=SCM4hgkGshI
POP IN 2【通常ver. 】 / 音ノ瀬らこ【歌枠切り抜き】,https://www.youtube.com/watch?v=4PRW4j9TER4
Bunny Girl【歌い手グループ】 / 音ノ瀬らこ【歌枠切り抜き】,https://www.youtube.com/watch?v=1qgU0NOJJw8
Bunny Girl【通常ver. 】 / 音ノ瀬らこ【歌枠切り抜き】,https://www.youtube.com/watch?v=MvxgvqPwv84
勇者【段々キーが上がる－4~＋12】 / 音ノ瀬らこ【歌枠切り抜き】,https://www.youtube.com/watch?v=1V8ZvmuQAyw
勇者【通常ver. 】 / 音ノ瀬らこ【歌枠切り抜き】,https://www.youtube.com/watch?v=qEfPAiyqm4s
曖昧劣情Lover / 音ノ瀬らこ【歌枠切り抜き】,https://www.youtube.com/watch?v=w8BT3Z_n9ac
鬼ノ宴 / 音ノ瀬らこ【歌枠切り抜き】,https://www.youtube.com/watch?v=Sxjm-fWPfkk
砂の惑星 / 音ノ瀬らこ【歌枠切り抜き】,https://www.youtube.com/watch?v=cEpl73QApU0
幽霊東京 / 音ノ瀬らこ【歌枠切り抜き】,https://www.youtube.com/watch?v=I29mxqM4Vhc
青と夏 / 音ノ瀬らこ【歌枠切り抜き】,https://www.youtube.com/watch?v=IPC-olDMT5g
花瓶に触れた / 音ノ瀬らこ【歌枠切り抜き】,https://www.youtube.com/watch?v=wnb1FRGwa9k
夜明けと蛍 / 音ノ瀬らこ【歌枠切り抜き】,https://www.youtube.com/watch?v=o9KjbdtZsek
夜に駆ける / 音ノ瀬らこ【歌枠切り抜き】,https://www.youtube.com/watch?v=7eT2Zvjp-wY
ロミオとシンデレラ / 音ノ瀬らこ【歌枠切り抜き】,https://www.youtube.com/watch?v=eUxET1wSxNI
モニタリング / 音ノ瀬らこ【歌枠切り抜き】,https://www.youtube.com/watch?v=RoJjwZ8pDUU
ハロ／ハワユ / 音ノ瀬らこ【歌枠切り抜き】,https://www.youtube.com/watch?v=zHENryzMG7I
それがあなたの幸せとしても / 音ノ瀬らこ【歌枠切り抜き】,https://www.youtube.com/watch?v=m3rEQcaOw-k
シニカルナイトプラン / 音ノ瀬らこ【歌枠切り抜き】,https://www.youtube.com/watch?v=5mMWPHuuYQI
あなたの夜が明けるまで / 音ノ瀬らこ【歌枠切り抜き】,https://www.youtube.com/watch?v=W3Fr-zAhuro
UNDEAD / 音ノ瀬らこ【歌枠切り抜き】,https://www.youtube.com/watch?v=j0UTX7I_Xrg
Bunny Girl / 音ノ瀬らこ【歌枠切り抜き】,https://www.youtube.com/watch?v=rQaLFRJjG68
鬼ノ宴 / 音ノ瀬らこ【歌枠切り抜き】,https://www.youtube.com/watch?v=tBpdbGoYOhg
絶頂讃歌 / 音ノ瀬らこ【歌枠切り抜き】,https://www.youtube.com/watch?v=M-sTrYXHwk8
粉雪 / 音ノ瀬らこ【歌枠切り抜き】,https://www.youtube.com/watch?v=j-w0Dj2aLac
花の塔 / 音ノ瀬らこ【歌枠切り抜き】,https://www.youtube.com/watch?v=NzG5-grtI8o
夜明けと蛍 / 音ノ瀬らこ【歌枠切り抜き】,https://www.youtube.com/watch?v=rPLB0ilYno8
クリスマスソング / 音ノ瀬らこ【歌枠切り抜き】,https://www.youtube.com/watch?v=iz32oitZ8jk
Snow halation / 音ノ瀬らこ【歌枠切り抜き】,https://www.youtube.com/watch?v=pFPMXggp8Rg
Bunny Girl / 音ノ瀬らこ【歌枠切り抜き】,https://www.youtube.com/watch?v=TzIlYtmO18U
366日 / 音ノ瀬らこ【歌枠切り抜き】,https://www.youtube.com/watch?v=LkFTgpepyLE
藍二乗 / 音ノ瀬らこ【歌枠切り抜き】,https://www.youtube.com/watch?v=-3OKjVD2DrI
夜明けと蛍 / 音ノ瀬らこ【歌枠切り抜き】,https://www.youtube.com/watch?v=00KkrumsWVI
小さな恋のうた / 音ノ瀬らこ【歌枠切り抜き】,https://www.youtube.com/watch?v=Cfa0ccccRG4
ボッカデラベリタ / 音ノ瀬らこ【歌枠切り抜き】,https://www.youtube.com/watch?v=6oevl0cExJg
フォニイ / 音ノ瀬らこ【歌枠切り抜き】,https://www.youtube.com/watch?v=9js9SE3NwA0
カブトムシ / 音ノ瀬らこ【歌枠切り抜き】,https://www.youtube.com/watch?v=rVWjA26LZaQ
アイネクライネ / 音ノ瀬らこ【歌枠切り抜き】,https://www.youtube.com/watch?v=OjiKGEL4vwc
UNDEAD / 音ノ瀬らこ【歌枠切り抜き】,https://www.youtube.com/watch?v=hu-dCFT64ko
POP IN 2 / 音ノ瀬らこ【歌枠切り抜き】,https://www.youtube.com/watch?v=oATugLhvyCk
366日 / 音ノ瀬らこ【歌枠切り抜き】,https://www.youtube.com/watch?v=pGmgehkWokY
ロミオとシンデレラ / 音ノ瀬らこ【歌枠切り抜き】,https://www.youtube.com/watch?v=tWPFC0jHXkY
ロストワンの号哭 / 音ノ瀬らこ【歌枠切り抜き】,https://www.youtube.com/watch?v=INzz1abxFjg
ロウワー / 音ノ瀬らこ【歌枠切り抜き】,https://www.youtube.com/watch?v=J6u-mcYxbA4
ブルーバード / 音ノ瀬らこ【歌枠切り抜き】,https://www.youtube.com/watch?v=A6n5YdQ6vKY
ファタール / 音ノ瀬らこ【歌枠切り抜き】,https://www.youtube.com/watch?v=IZ9DAXuEEZM
バレリーコ / 音ノ瀬らこ【歌枠切り抜き】,https://www.youtube.com/watch?v=_6XyByQVvfs
ドーナツホール / 音ノ瀬らこ【歌枠切り抜き】,https://www.youtube.com/watch?v=mS_YQ9FFRI8
ずうっといっしょ！ / 音ノ瀬らこ【歌枠切り抜き】,https://www.youtube.com/watch?v=4GyrfxgPagM
シカ色デイズ / 音ノ瀬らこ【歌枠切り抜き】,https://www.youtube.com/watch?v=4viprp5dWsw
アタシは問題作 / 音ノ瀬らこ【歌枠切り抜き】,https://www.youtube.com/watch?v=rHXsLZuo7NY
UNDEAD / 音ノ瀬らこ【歌枠切り抜き】,https://www.youtube.com/watch?v=iBmYpdpK54M
Tot Musica / 音ノ瀬らこ【歌枠切り抜き】,https://www.youtube.com/watch?v=MAB6CJef1JM
POP IN 2 / 音ノ瀬らこ【歌枠切り抜き】,https://www.youtube.com/watch?v=04zhy1WuiKc
Bunny Girl / 音ノ瀬らこ【歌枠切り抜き】,https://www.youtube.com/watch?v=4d_7g5GY_d8
君の知らない物語 / 音ノ瀬らこ【歌枠切り抜き】,https://www.youtube.com/watch?v=0aWpFR3K3Cg
心という名の不可解 / 音ノ瀬らこ【歌枠切り抜き】,https://www.youtube.com/watch?v=Lo9mA5ge3Gs
フォニイ / 音ノ瀬らこ【歌枠切り抜き】,https://www.youtube.com/watch?v=lvbbqPoObEU
ヴァンパイア / 音ノ瀬らこ【歌枠切り抜き】,https://www.youtube.com/watch?v=iziChs8KzbU
UNDEAD / 音ノ瀬らこ【歌枠切り抜き】,https://www.youtube.com/watch?v=0bw86l0cLw4
絶頂讃歌 / 音ノ瀬らこ【歌枠切り抜き】,https://www.youtube.com/watch?v=h3PoRTGBV2E
唱 / 音ノ瀬らこ【歌枠切り抜き】,https://www.youtube.com/watch?v=54ipECuFrEE
春泥棒 / 音ノ瀬らこ【歌枠切り抜き】,https://www.youtube.com/watch?v=7KhjYnvzsHE
少女レイ / 音ノ瀬らこ【歌枠切り抜き】,https://www.youtube.com/watch?v=13jXwpkfoeg
ロウワー / 音ノ瀬らこ【歌枠切り抜き】,https://www.youtube.com/watch?v=_mvs4Nt4SSA
鬼ノ宴 / 音ノ瀬らこ【歌枠切り抜き】,https://www.youtube.com/watch?v=twoV4iVbImY
青と夏 / 音ノ瀬らこ【歌枠切り抜き】,https://www.youtube.com/watch?v=1htU5XhANS4
ピースサイン / 音ノ瀬らこ【歌枠切り抜き】,https://www.youtube.com/watch?v=tMkA7jfABwE
ドーナツホール / 音ノ瀬らこ【歌枠切り抜き】,https://www.youtube.com/watch?v=jgiRLMB99zY
UNDEAD / 音ノ瀬らこ【歌枠切り抜き】,https://www.youtube.com/watch?v=sIWbP7qnp1M
転生林檎 / 音ノ瀬らこ【歌枠切り抜き】,https://www.youtube.com/watch?v=Tz0gKeVQkw8
悪魔の子 / 音ノ瀬らこ【歌枠切り抜き】,https://www.youtube.com/watch?v=dPHevWMR7FA
夜明けと蛍 / 音ノ瀬らこ【歌枠切り抜き】,https://www.youtube.com/watch?v=IGm38oU7B8s
バレリーコ / 音ノ瀬らこ【歌枠切り抜き】,https://www.youtube.com/watch?v=c8WZst5t6Ms
くらべられっ子 / 音ノ瀬らこ【歌枠切り抜き】,https://www.youtube.com/watch?v=UuA0K75dNjM
あなたの夜が明けるまで / 音ノ瀬らこ【歌枠切り抜き】,https://www.youtube.com/watch?v=_pRrHIKZj70
CITRUS / 音ノ瀬らこ【歌枠切り抜き】,https://www.youtube.com/watch?v=xjhdmu6-mtw
ヴァンパイア / 音ノ瀬らこ【歌枠切り抜き】,https://www.youtube.com/watch?v=o4g82LXkymg
ド屑 / 音ノ瀬らこ【歌枠切り抜き】,https://www.youtube.com/watch?v=gbFjGj5MQGg
UNDEAD / 音ノ瀬らこ【歌枠切り抜き】,https://www.youtube.com/watch?v=JWK0VhAPeRE
1925 / 音ノ瀬らこ【歌枠切り抜き】,https://www.youtube.com/watch?v=O1cApVKzUYU
魔法の絨毯 / 音ノ瀬らこ【歌枠切り抜き】,https://www.youtube.com/watch?v=3mJFclhhOpw
幽霊東京 / 音ノ瀬らこ【歌枠切り抜き】,https://www.youtube.com/watch?v=gSEdQz5S4ac
夜明けと蛍 / 音ノ瀬らこ【歌枠切り抜き】,https://www.youtube.com/watch?v=uY8RCb4Rymg
可愛くてごめん / 音ノ瀬らこ【歌枠切り抜き】,https://www.youtube.com/watch?v=6yVajdK8h3s
ワールドイズマイン / 音ノ瀬らこ【歌枠切り抜き】,https://www.youtube.com/watch?v=rskIFm530qs
心拍数♯0822 / 音ノ瀬らこ【歌枠切り抜き】,https://www.youtube.com/watch?v=nCjSmwL47mQ
レディメイド / 音ノ瀬らこ【歌枠切り抜き】,https://www.youtube.com/watch?v=gSEzfyhInwA
メーベル / 音ノ瀬らこ【歌枠切り抜き】,https://www.youtube.com/watch?v=a7toc0K6KDo
だから僕は音楽を辞めた / 音ノ瀬らこ【歌枠切り抜き】,https://www.youtube.com/watch?v=rTPLm__EIrg
アタシは問題作 / 音ノ瀬らこ【歌枠切り抜き】,https://www.youtube.com/watch?v=DF0WNPzzuaw
アイロニ / 音ノ瀬らこ【歌枠切り抜き】,https://www.youtube.com/watch?v=0KVeWxtDCtE
アイノカタチ / 音ノ瀬らこ【歌枠切り抜き】,https://www.youtube.com/watch?v=wtz_8pG2vKk
God Knows… / 音ノ瀬らこ【歌枠切り抜き】,https://www.youtube.com/watch?v=O8b4Sd8-zR0
群青 / 音ノ瀬らこ【歌枠切り抜き】,https://www.youtube.com/watch?v=z5MqWubD_8s
高嶺の花子さん / 音ノ瀬らこ【歌枠切り抜き】,https://www.youtube.com/watch?v=yRIJq989QlM
花の塔 / 音ノ瀬らこ【歌枠切り抜き】,https://www.youtube.com/watch?v=Oik9JE6hboA
ブルーバード / 音ノ瀬らこ【歌枠切り抜き】,https://www.youtube.com/watch?v=k15gfXUyhxA
フォニイ / 音ノ瀬らこ【歌枠切り抜き】,https://www.youtube.com/watch?v=63Q_iTz85nQ
ファタール / 音ノ瀬らこ【歌枠切り抜き】,https://www.youtube.com/watch?v=aD9gZA9CQjI
トリセツ / 音ノ瀬らこ【歌枠切り抜き】,https://www.youtube.com/watch?v=CflQ90-JNGI
トウキョウ・シャンディ・ランデヴ / 音ノ瀬らこ【歌枠切り抜き】,https://www.youtube.com/watch?v=PyFGs7BZGZg
Mela! / 音ノ瀬らこ【歌枠切り抜き】,https://www.youtube.com/watch?v=dTtqUO2mAz8
プラネタリウム / 音ノ瀬らこ【歌枠切り抜き】,https://www.youtube.com/watch?v=gXm90hWTGdc
オトナブルー / 音ノ瀬らこ【歌枠切り抜き】,https://www.youtube.com/watch?v=xivppgPyQgM
カブトムシ / 音ノ瀬らこ【歌枠切り抜き】,https://www.youtube.com/watch?v=8CXxJeuZEz0
ずうっといっしょ！ / 音ノ瀬らこ【歌枠切り抜き】,https://www.youtube.com/watch?v=0MuwAh1xJ_k
ファタール / 音ノ瀬らこ【歌枠切り抜き】,https://www.youtube.com/watch?v=tKHWHS6MF6k
ベノム / 音ノ瀬らこ【歌枠切り抜き】,https://www.youtube.com/watch?v=dFn-bh-SPGI
雨とカプチーノ / 音ノ瀬らこ【歌枠切り抜き】,https://www.youtube.com/watch?v=-KL33xt3n10
青と夏 / 音ノ瀬らこ【歌枠切り抜き】,https://www.youtube.com/watch?v=5VkRFgKnl7k
砂の惑星 / 音ノ瀬らこ【歌枠切り抜き】,https://www.youtube.com/watch?v=Z1VYKtpU5tU
ボッカデラベリタ / 音ノ瀬らこ【歌枠切り抜き】,https://www.youtube.com/watch?v=N24al32LJW4
プロポーズ（内緒のピアスさん） / 音ノ瀬らこ【歌枠切り抜き】,https://www.youtube.com/watch?v=Yz0gmt4Mu40
廃墟の国のアリス / 音ノ瀬らこ【歌枠切り抜き】,https://www.youtube.com/watch?v=7MZXm4ar4lo
ファタール / 音ノ瀬らこ【歌枠切り抜き】,https://www.youtube.com/watch?v=uQadixZW_cw
ハナタバ / 音ノ瀬らこ【歌枠切り抜き】,https://www.youtube.com/watch?v=zfcbpWE2iyM
デイバイデイズ / 音ノ瀬らこ【歌枠切り抜き】,https://www.youtube.com/watch?v=S5Fi7AIv4a8
スーサイドパレヱド / 音ノ瀬らこ【歌枠切り抜き】,https://www.youtube.com/watch?v=yhtQcO7otYw
シャルル / 音ノ瀬らこ【歌枠切り抜き】,https://www.youtube.com/watch?v=JNW4bIAJ-Og
コールボーイ / 音ノ瀬らこ【歌枠切り抜き】,https://www.youtube.com/watch?v=Swerk5Ux8nM
あの娘シークレット / 音ノ瀬らこ【歌枠切り抜き】,https://www.youtube.com/watch?v=LBJz1gbSqCE
ブリキノダンス / 音ノ瀬らこ【歌枠切り抜き】,https://www.youtube.com/watch?v=1_IP3eMEUvE
花の塔 / 音ノ瀬らこ【歌枠切り抜き】,https://www.youtube.com/watch?v=s17irhyD3s4
ラヴィット / 音ノ瀬らこ【歌枠切り抜き】,https://www.youtube.com/watch?v=GBDMyeqkl6Y
ファンサ / 音ノ瀬らこ【歌枠切り抜き】,https://www.youtube.com/watch?v=xcLvf-qNcbc
ヒバナ / 音ノ瀬らこ【歌枠切り抜き】,https://www.youtube.com/watch?v=r7coDzWSXzQ
かくれんぼ / 音ノ瀬らこ【歌枠切り抜き】,https://www.youtube.com/watch?v=-qIDZPmbPOA
星座になれたら / 音ノ瀬らこ【歌枠切り抜き】,https://www.youtube.com/watch?v=ZI9ImCugNEg
忘れてやらない / 音ノ瀬らこ【歌枠切り抜き】,https://www.youtube.com/watch?v=Y2t4be1g7ok
ロウワー / 音ノ瀬らこ【歌枠切り抜き】,https://www.youtube.com/watch?v=bhb0u3ql5QA
ラヴィ / 音ノ瀬らこ【歌枠切り抜き】,https://www.youtube.com/watch?v=yOtmvxyCwoA
フォニイ / 音ノ瀬らこ【歌枠切り抜き】,https://www.youtube.com/watch?v=OT-jf4AH9zU
ファタール / 音ノ瀬らこ【歌枠切り抜き】,https://www.youtube.com/watch?v=VnF-YVszaJg
春泥棒 / 音ノ瀬らこ【歌枠切り抜き】,https://www.youtube.com/watch?v=pJ2e65suspw
ハオ / 音ノ瀬らこ【歌枠切り抜き】,https://www.youtube.com/watch?v=nL2pRF8QISg
ノンブレス・オブリージュ / 音ノ瀬らこ【歌枠切り抜き】,https://www.youtube.com/watch?v=80wU1JiCbSo
エバ / 音ノ瀬らこ【歌枠切り抜き】,https://www.youtube.com/watch?v=g5A6mqekJuo
Tot Musica / 音ノ瀬らこ【歌枠切り抜き】,https://www.youtube.com/watch?v=r_zT1ZiwqoI
ハングリーニコル / 音ノ瀬らこ【歌枠切り抜き】,https://www.youtube.com/watch?v=w1ap51X5i4o
夜明けと蛍 / 音ノ瀬らこ【歌枠切り抜き】,https://www.youtube.com/watch?v=2wCILCd0Fuc
少女レイ / 音ノ瀬らこ【歌枠切り抜き】,https://www.youtube.com/watch?v=IEJrY6vp7yE
ロキ / 音ノ瀬らこ【歌枠切り抜き】,https://www.youtube.com/watch?v=fOMn_Xk1DEM
プロトディスコ / 音ノ瀬らこ【歌枠切り抜き】,https://www.youtube.com/watch?v=ayDAS9XRTII
パメラ / 音ノ瀬らこ【歌枠切り抜き】,https://www.youtube.com/watch?v=EwgVAQNwM3c
ハオ / 音ノ瀬らこ【歌枠切り抜き】,https://www.youtube.com/watch?v=UTZ0JcUGqs8
ずうっといっしょ！ / 音ノ瀬らこ【歌枠切り抜き】,https://www.youtube.com/watch?v=5eeQOIc9UoQ
サマータイムレコード / 音ノ瀬らこ【歌枠切り抜き】,https://www.youtube.com/watch?v=3v9AoatkDSI
ヴィラン / 音ノ瀬らこ【歌枠切り抜き】,https://www.youtube.com/watch?v=MWpG6u6UClU
G4L / 音ノ瀬らこ【歌枠切り抜き】,https://www.youtube.com/watch?v=Az-2YJy8bN0
心做し / 音ノ瀬らこ【歌枠切り抜き】,https://www.youtube.com/watch?v=Zsh0do_5Loo
わたしのアール / 音ノ瀬らこ【歌枠切り抜き】,https://www.youtube.com/watch?v=sCQuO0uWQyY
メーベル / 音ノ瀬らこ【歌枠切り抜き】,https://www.youtube.com/watch?v=r1I9OD2FIO8
ハロ／ハワユ / 音ノ瀬らこ【歌枠切り抜き】,https://www.youtube.com/watch?v=somchKbz4hY
それがあなたの幸せとしても / 音ノ瀬らこ【歌枠切り抜き】,https://www.youtube.com/watch?v=w0dPSQu24N8
あなたの夜が明けるまで / 音ノ瀬らこ【歌枠切り抜き】,https://www.youtube.com/watch?v=kwn_uQ-DZ8s
Departures ～あなたにおくるアイの歌～ / 音ノ瀬らこ【歌枠切り抜き】,https://www.youtube.com/watch?v=akodKRrxi4U
曖昧劣情Lover / 音ノ瀬らこ【歌枠切り抜き】,https://www.youtube.com/watch?v=63r4h56g3IA
アイロニ / 音ノ瀬らこ【歌枠切り抜き】,https://www.youtube.com/watch?v=TcjYEzIcad4
Ghost of a Smile / 音ノ瀬らこ【歌枠切り抜き】,https://www.youtube.com/watch?v=DpAucRG3cEI
贖罪 / 音ノ瀬らこ【歌枠切り抜き】,https://www.youtube.com/watch?v=T3mYO7jDYRg
晩餐歌 / 音ノ瀬らこ【歌枠切り抜き】,https://www.youtube.com/watch?v=1fnexQfhrL0
深海少女 / 音ノ瀬らこ【歌枠切り抜き】,https://www.youtube.com/watch?v=noEAshJGEW0
炎 / 音ノ瀬らこ【歌枠切り抜き】,https://www.youtube.com/watch?v=kF_0Cbgp6yo
回る空うさぎ / 音ノ瀬らこ【歌枠切り抜き】,https://www.youtube.com/watch?v=cu1-dkiIaJw
永遠のあくる日 / 音ノ瀬らこ【歌枠切り抜き】,https://www.youtube.com/watch?v=yZhZUh2VdLs
君の知らない物語 / 音ノ瀬らこ【歌枠切り抜き】,https://www.youtube.com/watch?v=h0dJSKR0950
ダダダダ天使 / 音ノ瀬らこ【歌枠切り抜き】,https://www.youtube.com/watch?v=LS9yzmB4Op8
だから僕は音楽を辞めた / 音ノ瀬らこ【歌枠切り抜き】,https://www.youtube.com/watch?v=X5Cd2k_n4hw
カワキヲアメク / 音ノ瀬らこ【歌枠切り抜き】,https://www.youtube.com/watch?v=rPog-4StAps
スロウダウナー / 音ノ瀬らこ【歌枠切り抜き】,https://www.youtube.com/watch?v=cvryJafsKQM
シル・ヴ・プレジデント / 音ノ瀬らこ【歌枠切り抜き】,https://www.youtube.com/watch?v=5e7fR8CN9_0
オーバーライド / 音ノ瀬らこ【歌枠切り抜き】,https://www.youtube.com/watch?v=nbQ31hyF8OM
Dear  Mr「F」 / 音ノ瀬らこ【歌枠切り抜き】,https://www.youtube.com/watch?v=BBB1_udYpwQ
秒針を噛む / 音ノ瀬らこ【歌枠切り抜き】,https://www.youtube.com/watch?v=tx6eIuDC2tM
花瓶に触れた / 音ノ瀬らこ【歌枠切り抜き】,https://www.youtube.com/watch?v=1rfT_RkzduY
拝啓、少年よ / 音ノ瀬らこ【歌枠切り抜き】,https://www.youtube.com/watch?v=8KBHAWueC4A
透明エレジー / 音ノ瀬らこ【歌枠切り抜き】,https://www.youtube.com/watch?v=8kUsqpvIAw0
裏表ラバーズ / 音ノ瀬らこ【歌枠切り抜き】,https://www.youtube.com/watch?v=P3upfyX7qsw
恋愛裁判 / 音ノ瀬らこ【歌枠切り抜き】,https://www.youtube.com/watch?v=IZ9T71HQilU
ワールズエンド・ダンスホール / 音ノ瀬らこ【歌枠切り抜き】,https://www.youtube.com/watch?v=6ruSaKRKyK0
ロミオとシンデレラ / 音ノ瀬らこ【歌枠切り抜き】,https://www.youtube.com/watch?v=wZMhP6owys8
ルカルカ★ナイトフィーバー / 音ノ瀬らこ【歌枠切り抜き】,https://www.youtube.com/watch?v=qRq9LKOj0b0
ラブチーノ / 音ノ瀬らこ【歌枠切り抜き】,https://www.youtube.com/watch?v=zyIQ-Lr__nc
ゆめゆめ / 音ノ瀬らこ【歌枠切り抜き】,https://www.youtube.com/watch?v=7jcWRi6EOL4
メランコリック / 音ノ瀬らこ【歌枠切り抜き】,https://www.youtube.com/watch?v=nijcVKfgQs4
こちら、幸福安心委員会です。 / 音ノ瀬らこ【歌枠切り抜き】,https://www.youtube.com/watch?v=wqx140YzP_U
カゲロウデイズ / 音ノ瀬らこ【歌枠切り抜き】,https://www.youtube.com/watch?v=8kHTSrIHq4M
えれくとりっく・えんじぇぅ / 音ノ瀬らこ【歌枠切り抜き】,https://www.youtube.com/watch?v=LGn4yoccdYE
アウターサイエンス / 音ノ瀬らこ【歌枠切り抜き】,https://www.youtube.com/watch?v=g0g6c1zRc7g
Calc / 音ノ瀬らこ【歌枠切り抜き】,https://www.youtube.com/watch?v=HHw4c-9sX1Y
東京テディベア / 音ノ瀬らこ【歌枠切り抜き】,https://www.youtube.com/watch?v=AyApsePIgjY
私の時間 / 音ノ瀬らこ【歌枠切り抜き】,https://www.youtube.com/watch?v=3riWLX8Paj4
如月アテンション / 音ノ瀬らこ【歌枠切り抜き】,https://www.youtube.com/watch?v=4gTjdr2fY-E
六兆年と一夜物語 / 音ノ瀬らこ【歌枠切り抜き】,https://www.youtube.com/watch?v=EvRfglCSjyo
愛して愛して愛して / 音ノ瀬らこ【歌枠切り抜き】,https://www.youtube.com/watch?v=kKvIorOG2Mw
拝啓ドッペルゲンガー / 音ノ瀬らこ【歌枠切り抜き】,https://www.youtube.com/watch?v=2rP6FymHaKw
ラヴィ / 音ノ瀬らこ【歌枠切り抜き】,https://www.youtube.com/watch?v=zcziX-x9kcc
わたしの一番かわいいところ / 音ノ瀬らこ【歌枠切り抜き】,https://www.youtube.com/watch?v=U2N1ZFgRiko
ヒバナ / 音ノ瀬らこ【歌枠切り抜き】,https://www.youtube.com/watch?v=pLbzQRzXwgk
バグ / 音ノ瀬らこ【歌枠切り抜き】,https://www.youtube.com/watch?v=YDyy2Nw-SuA
とても素敵な六月でした / 音ノ瀬らこ【歌枠切り抜き】,https://www.youtube.com/watch?v=Kk-rO5CfXUg
シャルル / 音ノ瀬らこ【歌枠切り抜き】,https://www.youtube.com/watch?v=aVUwzEiM-3o
キャットラビング / 音ノ瀬らこ【歌枠切り抜き】,https://www.youtube.com/watch?v=uHge9YjCeus
からくりピエロ / 音ノ瀬らこ【歌枠切り抜き】,https://www.youtube.com/watch?v=C4crxU7cd-Q
ウタカタララバイ / 音ノ瀬らこ【歌枠切り抜き】,https://www.youtube.com/watch?v=jPGLgZs6bGk
アンノウン・マザーグース / 音ノ瀬らこ【歌枠切り抜き】,https://www.youtube.com/watch?v=HTYNDTCrPAU
あの夏が飽和する。 / 音ノ瀬らこ【歌枠切り抜き】,https://www.youtube.com/watch?v=Jj4yoLRUPGo
Bling Bang Bang Born / 音ノ瀬らこ【歌枠切り抜き】,https://www.youtube.com/watch?v=WM0Kwqk8IDk
藍二乗 / 音ノ瀬らこ【歌枠切り抜き】,https://www.youtube.com/watch?v=Gsg7rkwfJzY
踊 / 音ノ瀬らこ【歌枠切り抜き】,https://www.youtube.com/watch?v=1VPif2oGVI0
誇り高きアイドル / 音ノ瀬らこ【歌枠切り抜き】,https://www.youtube.com/watch?v=2_LkpSE9VcE
絶頂讃歌 / 音ノ瀬らこ【歌枠切り抜き】,https://www.youtube.com/watch?v=md9_ekjN9Ew
花の塔 / 音ノ瀬らこ【歌枠切り抜き】,https://www.youtube.com/watch?v=HCkkJnHOEBo
花になって / 音ノ瀬らこ【歌枠切り抜き】,https://www.youtube.com/watch?v=irm5-09doRE
命に嫌われている。 / 音ノ瀬らこ【歌枠切り抜き】,https://www.youtube.com/watch?v=qWi9xhvYW8I
大切な人たちへ / 音ノ瀬らこ【歌枠切り抜き】,https://www.youtube.com/watch?v=EBMciK7ssZ0
ロストワンの号哭 / 音ノ瀬らこ【歌枠切り抜き】,https://www.youtube.com/watch?v=wCjjQDctXVg
レディメイド / 音ノ瀬らこ【歌枠切り抜き】,https://www.youtube.com/watch?v=gvxVvzaks60
メンタルチェンソー / 音ノ瀬らこ【歌枠切り抜き】,https://www.youtube.com/watch?v=O8A4JY_weo8
マーシャル・マキシマイザー / 音ノ瀬らこ【歌枠切り抜き】,https://www.youtube.com/watch?v=D9cYe_OyMVQ
ファンサ / 音ノ瀬らこ【歌枠切り抜き】,https://www.youtube.com/watch?v=OGrDT-KU128
キメラ / 音ノ瀬らこ【歌枠切り抜き】,https://www.youtube.com/watch?v=ZKQ5nUzY4TI
かくれんぼ / 音ノ瀬らこ【歌枠切り抜き】,https://www.youtube.com/watch?v=QSorEsT49TY
ヴァンパイア / 音ノ瀬らこ【歌枠切り抜き】,https://www.youtube.com/watch?v=4ZRQgmNr5lI
Stellar Stellar / 音ノ瀬らこ【歌枠切り抜き】,https://www.youtube.com/watch?v=9bkGXZdVe3g
Dec. / 音ノ瀬らこ【歌枠切り抜き】,https://www.youtube.com/watch?v=s8GoWzAeVX8
畢生よ / 音ノ瀬らこ【歌枠切り抜き】,https://www.youtube.com/watch?v=KQkUG1yvelQ
CITRUS / 音ノ瀬らこ【歌枠切り抜き】,https://www.youtube.com/watch?v=1ijIR45y0Zs
シンデレラボーイ / 音ノ瀬らこ【歌枠切り抜き】,https://www.youtube.com/watch?v=FPzivJ_nKUI
アイドル / 音ノ瀬らこ【歌枠切り抜き】,https://www.youtube.com/watch?v=FkQ1EYV1cZE
ドライフラワー / 音ノ瀬らこ【歌枠切り抜き】,https://www.youtube.com/watch?v=IibAf7-9VSE
群青 / 音ノ瀬らこ【歌枠切り抜き】,https://www.youtube.com/watch?v=LH0asB_NjLg
ギラギラ / 音ノ瀬らこ【歌枠切り抜き】,https://www.youtube.com/watch?v=hJktBrCSu-c
名前のない怪物 / 音ノ瀬らこ【歌枠切り抜き】,https://www.youtube.com/watch?v=2mxOnCQU_MI
悪魔の子 / 音ノ瀬らこ【歌枠切り抜き】,https://www.youtube.com/watch?v=4K0pQF7u4uU
心という名の不可解 / 音ノ瀬らこ【歌枠切り抜き】,https://www.youtube.com/watch?v=QcyF_a35YqY
踊 / 音ノ瀬らこ【歌枠切り抜き】,https://www.youtube.com/watch?v=Rm1aHFN0ohM
青と夏 / 音ノ瀬らこ【歌枠切り抜き】,https://www.youtube.com/watch?v=TQOYg2gbDjs
勇者 / 音ノ瀬らこ【歌枠切り抜き】,https://www.youtube.com/watch?v=U70RpjfR3P0
祝福 / 音ノ瀬らこ【歌枠切り抜き】,https://www.youtube.com/watch?v=eRooCeRUhxQ
晩餐歌 / 音ノ瀬らこ【歌枠切り抜き】,https://www.youtube.com/watch?v=iltoJPwawZ4
阿修羅ちゃん / 音ノ瀬らこ【歌枠切り抜き】,https://www.youtube.com/watch?v=mw1KWlp2Txg
メフィスト / 音ノ瀬らこ【歌枠切り抜き】,https://www.youtube.com/watch?v=vLP2vWKiOFY
藍二乗 / 音ノ瀬らこ【歌枠切り抜き】,https://www.youtube.com/watch?v=r-hizOS-Rvc
高音厨音域テスト / 音ノ瀬らこ【歌枠切り抜き】,https://www.youtube.com/watch?v=Yr-hciqYekQ
神っぽいな / 音ノ瀬らこ【歌枠切り抜き】,https://www.youtube.com/watch?v=HVO8n33m218
ロストワンの号哭 / 音ノ瀬らこ【歌枠切り抜き】,https://www.youtube.com/watch?v=q7hEdZX1MlI
かくれんぼ / 音ノ瀬らこ【歌枠切り抜き】,https://www.youtube.com/watch?v=fTz4g-qiZKc
転生林檎 / 音ノ瀬らこ【歌枠切り抜き】,https://www.youtube.com/watch?v=GXo_1dj8qEk
唱 / 音ノ瀬らこ【歌枠切り抜き】,https://www.youtube.com/watch?v=_zIsNGW-DLY
ロウワー / 音ノ瀬らこ【歌枠切り抜き】,https://www.youtube.com/watch?v=a5M1JpcbzmM
春泥棒 / 音ノ瀬らこ【歌枠切り抜き】,https://www.youtube.com/watch?v=gOM8CPdM3zY
ハム太郎とっとこうた / 音ノ瀬らこ【歌枠切り抜き】,https://www.youtube.com/watch?v=GJwyvOpjH3g
地球最後の告白を / 音ノ瀬らこ【歌枠切り抜き】,https://www.youtube.com/watch?v=Ibm9eav7EcY
8番出口 / 音ノ瀬らこ【歌枠切り抜き】,https://www.youtube.com/watch?v=NkHU1O2QkAY
天ノ弱 / 音ノ瀬らこ【歌枠切り抜き】,https://www.youtube.com/watch?v=T-65i6CLeME
残機 / 音ノ瀬らこ【歌枠切り抜き】,https://www.youtube.com/watch?v=ahD2wUZXMVk
ビビデバ / 音ノ瀬らこ【歌枠切り抜き】,https://www.youtube.com/watch?v=biebRqP6sdA
メズマライザー / 音ノ瀬らこ【歌枠切り抜き】,https://www.youtube.com/watch?v=h0cd0DH5TY8
ロストワンの号哭 / 音ノ瀬らこ【歌枠切り抜き】,https://www.youtube.com/watch?v=jNUFlYzEIfM
フォニイ / 音ノ瀬らこ【歌枠切り抜き】,https://www.youtube.com/watch?v=jNj3mnm9geI
夜明けと蛍 / 音ノ瀬らこ【歌枠切り抜き】,https://www.youtube.com/watch?v=psOug5OR62M
イガク / 音ノ瀬らこ【歌枠切り抜き】,https://www.youtube.com/watch?v=1mMuz7nMSjY
アスノヨゾラ哨戒班 / 音ノ瀬らこ【歌枠切り抜き】,https://www.youtube.com/watch?v=YHWVJlsZESA
Aじゃないか / 音ノ瀬らこ【歌枠切り抜き】,https://www.youtube.com/watch?v=gp8_Oy32KD8
Tot Musica / 音ノ瀬らこ【歌枠切り抜き】,https://www.youtube.com/watch?v=vL9htcReQOo
